tweet_id,brand,text,intent
10885,Ask_Spectrum,@Ask_Spectrum outage of Fox during the world series in Northern Wisconsin? Only channel not working. #badtiming,service_outage_connectivity
1549637,TMobileHelp,@TMobileHelp umm wow my brother & I got new phone and you guys activated his phone using my number so now I don’t have a phone number??,account_access_security
11557,AskPayPal,"@115993 
Am trying to escalate a non received item that I want a refund on. Escalate system errors each time. Help please. Thx",subscription_cancellation_refund
2987545,UPSHelp,@115817 thanks for the broken package ruined my @90860 license plate frame https://t.co/ab87MO3wG2,order_delivery_issue
3300,Delta,@Delta Hi! Trying to cancel award booking that I booked in less than 24 hours online and it says that I have to pay to cancel. could you help me with cancellation?,flight_travel_disruption
2264128,Uber_Support,@115873 last night the driver stole my friend's phone and venmoed himself $300 from her account to his and you call that innocent?disturbing,order_delivery_issue
788869,idea_cares,Whole day I haven't called anyone and even in my @116331 app didn't show and deduction..Yet they charged me @idea_cares https://t.co/vuRgpIMH0B,billing_payment_dispute
1546764,Uber_Support,@115873 Driver refused to drop me at my destination so he could pick up another fare. Kicked me out on market Street carrying heavy boxes.,order_delivery_issue
2268222,AmericanAir,@AmericanAir I am being charged an extra $90 to take a flight I already paid for and have ticketed,billing_payment_dispute
2985878,ArgosHelpers,@ArgosHelpers Aw she already has him thanks! Santa at the shopping centre promised her one lol so fingers crossed it back in stock for xmas,product_inquiry_availability
2987103,UPSHelp,It would be kind of awesome if the @115817 driver chose a slightly different gum disposal spot than the box they delivered to me. https://t.co/UPdLx3ftwb,order_delivery_issue
3035,British_Airways,@British_Airways Thank you! Jane👍🏼,feedback_praise_resolution
1546,AskeBay,@AskeBay The delivery company is saying they delivered it to my street won't give address the seller is saying she has proof but no one will show me,order_delivery_issue
1548879,Uber_Support,My car just got charged $80 for a $6 Uber pool trip and I even tip that SOB.. This charge needs to be reversed or I am calling fraud @115873,billing_payment_dispute
2981018,Uber_Support,@115873 how was it that I was charged a wait time when my driver couldn't even follow his map and find me??,billing_payment_dispute
2981790,UPSHelp,@115817 @UPSHelp but why was it out for delivery yesterday and again today ? https://t.co/3N3A556uyh,order_delivery_issue
2264901,sprintcare,"Dear @115714 You officially win for the worst customer service I’ve ever experienced. Waited 1.5 MONTHS for a supervisor call, w/repeated calls by me in interim. 3 hrs on phone today resulting in trip to store only to find out your rep had lied to me about available offer. So",complaint_poor_service
2268659,TMobileHelp,"@TMobileHelp I switched over from GoogleFi from Speeds at over 40MB/s and now activated my line with you to only see <1.5Mbs, what's up with that for zip 94502? SAD. My other verizon phone gets 25Mbs+.",account_access_security
2984778,SpotifyCares,@SpotifyCares Thank you for the response!,feedback_praise_resolution
784334,AskPlayStation,"@AskPlayStation tried to sign into my account earlier and it said the information was incorrect, tried to reset password and it said error",account_access_security
1545879,AskLyft,@115879 worst customer service ever,complaint_poor_service
1547620,AppleSupport,"@AppleSupport after doing the software update 11.0.3 on my 6s with 64gb, it’s hanging for no reasons! Gud tool to sell 8 8+ X Y Z",technical_hardware_software_bug
788180,MicrosoftHelps,@MicrosoftHelps I can’t access my hotmail account. I’ve been locked out of it. I’ve tried the the usual things 🙄,account_access_security
2269767,Uber_Support,"@Uber_Support My gf & I attempted to use ur service to help w/our car troubles. W/her being new to the app, somehow her card was charged 3x totaling almost $30 for a less than 10 min ride....No ph# to reach your cus. service & the app help features R limited to say the least.",billing_payment_dispute
1548961,British_Airways,"@British_Airways I've tried to reach your customer service from the US to modify my next Monday flight for 3 weeks now but impossible to have someone on the call...Guys, Is there someone working here! 🤔",flight_travel_disruption
2985131,Ask_Spectrum,@Ask_Spectrum internet down in Manhattan 10032 😠😠😠😠😠 need to get work out,service_outage_connectivity
2983779,AppleSupport,@115858 you sneaky fucks. My phone keeps on turning off after that last update.,technical_hardware_software_bug
2266825,AmazonHelp,@AmazonHelp Reported..... Let's see. Hope for quick delivery. Tell ur associate company to improve its service.,order_delivery_issue
2985018,AirAsiaSupport,@AirAsiaSupport can refunds only be made 6 months after scheduled flight date??,flight_travel_disruption
2986221,SouthwestAir,@SouthwestAir Please advise how I get a refund for a Wifi charge when the Wifi was not working on my flight from Chi to Sea?,flight_travel_disruption
2986143,CoxHelp,@CoxHelp Internet outage in 70119?,service_outage_connectivity
784866,SpotifyCares,"@SpotifyCares Hi, someone change my email in my spotify, i can't recover my password or anything, can i have help pls ? Thanks.",account_access_security
1546085,Delta,@Delta I have 1.50pm flight tmrw but needed one that could fly me out today Nov 4 to help reach Mumbai in time. __email__ if u can help,flight_travel_disruption
1544081,British_Airways,@British_Airways I have spoken to Lisa and she has been very helpful and is taking care of everything. Thank you.,feedback_praise_resolution
2265084,SpotifyCares,"I tried logging my mom into her spotify and it said log in error 3, then I tried resetting her password with both her username and her email and this error shows up. Please help me get her back into her account. We are using a #spotifyfamily plan. I don't want it to go to waste. https://t.co/wqUXk0EgH1",account_access_security
2985011,AirAsiaSupport,@173705 @118341 We are stuck at #KualaLumpur airport for last 40 hours and no signs of return flight to India. Please help! @AirAsiaSupport @115802 #Bali,flight_travel_disruption
787696,Uber_Support,"I dont get why i should have a deficit , for a driver who didnt show up , wasted my time ,kept lying about his location. @115873 https://t.co/YMhjPZobSD",order_delivery_issue
785718,VirginTrains,"@VirginTrains @121516 Thanks for the reply! Will I be entitled to compensation and if so who do I claim from - @123241 , @121516 or @VirginTrains ?",feedback_praise_resolution
787019,IHGService,@IHGService Thank you!,feedback_praise_resolution
8204,UPSHelp,Second day in a row staying home to wait for a package from @115817 only to be met with a slip saying I wasn't home https://t.co/UqoREWMIz3,order_delivery_issue
1543848,AskeBay,@115937 thanks for that lack of help I got after my account was hacked.,account_access_security
10905,AskPlayStation,"@AskPlayStation Hi, can you update PS4 PRO TO RECORD GAMEPLAYS IN 4K?",technical_hardware_software_bug
2986254,AirAsiaSupport,"@AirAsiaSupport hello, I just want to double check about my flight today XT7520 (from CGK to DPS). Is is cancelled? Please reply ASAP",flight_travel_disruption
9169,AppleSupport,@AppleSupport iOS11.1 consumes battery pretty fast....,technical_hardware_software_bug
2981707,comcastcares,@116136 Is there currently an outage in Chicago?,service_outage_connectivity
8028,comcastcares,@comcastcares my internet is down a week after a technician came out to 'fix' it,service_outage_connectivity
1551526,comcastcares,"@116136 🖕🏼🖕🏼🖕🏼🖕🏼🖕🏼🖕🏼🖕🏼🖕🏼🖕🏼🖕🏼🖕🏼🖕🏼🖕🏼🖕🏼🖕🏼🖕🏼🖕🏼🖕🏼🖕🏼 COMCAST! Every other day it’s an outage, or error code RDK03033 canceling tomorrow 10/30/17",service_outage_connectivity
2986562,UPSHelp,Hi @115817. Is it at all possible to change the address on a package in transit?,order_delivery_issue
5479,ChipotleTweets,"HAPPY HALLOWEEN! Thank you for the delicious BOOritos, @ChipotleTweets https://t.co/ahatGE5SvN",feedback_praise_resolution
2269734,Uber_Support,"@115873 in the last month I have been charged £16 for drivers cancelling. When complaining credited to my Uber account, not my credit card! Shambles of a company, dishonest, deserve to have all licences revoked. Thought it was an accident first time! #uber #taxi #poo #shambles",billing_payment_dispute
9559,Ask_Spectrum,"@Ask_Spectrum Appt. #7? If your techs return this time. 25 days, no internet. Disregard of your customers is repulsing..Maybe @117735 🤯😭🤢",service_outage_connectivity
2987476,Ask_Spectrum,@Ask_Spectrum There seems to be a fairly large internet outage. Do I need to contact a technician individually or is it a larger issue that's being worked on?,service_outage_connectivity
2265926,Delta,Thank you @Delta for quickly & efficiently rectifying a horrible experience my mother had to go through at the airport this morning via DM. That's the kind of customer service your members expect & 🧡. Hope my flight tomorrow morning is as enjoyable as this experience was. 👍,feedback_praise_resolution
2980232,AppleSupport,@AppleSupport tell me how to revert back to IOS 10. IOS 11 has made me want to get an android,technical_hardware_software_bug
2981607,AmazonHelp,"@115830 however, come 8pm, and no show of the courier from @115830, but instead a notice to say a delivery was attempted, but nobody was in...",order_delivery_issue
2266527,Uber_Support,@115873 doesn't care that I left my phone in an uber driver's car even though the driver himself made no effort to locate the phone or any effort to help at all in general,order_delivery_issue
2264582,UPSHelp,"@UPSHelp good evening, I've called the CS line twice about a missing package with a delivered status. Both times I was told I'd receive a call back within an hour. Still waiting for the follow up. Help?",order_delivery_issue
2984281,Ask_WellsFargo,@116827 I want to contest and get back the fee you charged to cash a check drafted on an acct. from your bank. I went out of my way to go to a branch to cash a check drafted from an account from your bank and I’m outraged I was charged a fee. #wrong #smh #wellsFargo #shady,billing_payment_dispute
791396,CenturyLinkHelp,How to recover Centurylink mail password? https://t.co/gb3jqbD98U via @126972,account_access_security
2263992,Delta,@Delta thanks for running my weekend 🤬🤬🤬🤬🤬🤬,feedback_praise_resolution
1546061,Uber_Support,"Hi @115873, I’m dissapointed that I was charged double for two trips I took this evening. Looking to get this problem solved, thanks.",billing_payment_dispute
9754,UPSHelp,"@UPSHelp package tracks as delivered, but did not receive. Need for school project! 1ZR5427A0294522617",order_delivery_issue
994,comcastcares,wow when you want to watch the world series and @115900 decides to have an outage!!!!,service_outage_connectivity
2986993,Ask_Spectrum,Anybody in Waco dealing with an @Ask_Spectrum internet outage?,service_outage_connectivity
1550954,MicrosoftHelps,@MicrosoftHelps No error messages. It simply just goes back to the sign in after I sign in. I dm you a video of what happens.,account_access_security
2266593,Uber_Support,Uber Fraud Part 2: I was refunded for the first set of unauthed transactions but he/she/they somehow regained access and now charged $198.14. Any help is appreciated? @115873 @1582 https://t.co/YagskLgnwJ,billing_payment_dispute
1544302,AmericanAir,@AmericanAir just wanted to say thank you to Sophia on AA5238. Best service in First Class ever.,feedback_praise_resolution
1544863,AppleSupport,My battery keeps draining 5% at a time 😫... Wtf @115858?,technical_hardware_software_bug
9674,AdobeCare,"@AdobeCare Already done, thank you so much.",feedback_praise_resolution
791493,AmazonHelp,Amzon delivery refuse to pik the exchange mobile from me. He told me that lenovo k3 note & lenovo k50a40 are not same. @AmazonHelp,order_delivery_issue
2266746,AppleSupport,@AppleSupport Watch OS 4 and iOS 11.0.3,technical_hardware_software_bug
2265178,comcastcares,@116136 worst customer service and company ever. I have an issue on my line and first guy tells me to buy a new modem. I call the modem company and I find out there is an issue on the line. I call Comcast back to send someone to check my line. No one comes. The worst company,complaint_poor_service
1548374,AmazonHelp,@AmazonHelp Thank you.. but the link which you sent is not working,feedback_praise_resolution
2267173,AlaskaAir,@AlaskaAir thanks for the nice ride to #maui today on 861 #iFlyAlaska https://t.co/q1gH9vEcdG,feedback_praise_resolution
791474,VirginTrains,"@VirginTrains thanks to BT for poking customer service yesterday for my delayed delay repay, all sorted now. #thanksWhereItsDue",flight_travel_disruption
1544310,ArgosHelpers,"@ArgosHelpers OK, Thank you :)",feedback_praise_resolution
1548274,SouthwestAir,@SouthwestAir Flight 363 to SFO is still stuck in PHX. We're doing roll call on the plane for the 4th time in an hour. Please get us going.,flight_travel_disruption
9057,VirginAmerica,@117617 Thank you Tristan and do you please mind specifying which flight this request is for?,feedback_praise_resolution
2263944,Delta,@Delta We were supposed to be boarding at 9:55 PM.,flight_travel_disruption
10478,VerizonSupport,@115722 Yes but I tried/failed too many times so now I am locked out,account_access_security
2264066,XboxSupport,@XboxSupport Yes. I can use the remote feature as normal but when I click on a text box on screen it just brings up the on screen keyboard and not the in app keyboard,technical_hardware_software_bug
1545210,AppleSupport,@AppleSupport hey guys. Have the iPhone X on ATT it doesn't even show me the activation menu. just goes right to the setup as new or restore,account_access_security
2986584,O2,"1/2 Wow, absolutely blown away by @O2 Customer service! Have 2 contracts with them, apparently I can't upgrade due to an error on their part when they disconnected me by mistake! Also they have over charged me by £75 this month and I apparently...",billing_payment_dispute
791084,British_Airways,@British_Airways We're on now but it was a very long wait for a packed flight that we've just heard will be leaving late. Thanks for replying though.,feedback_praise_resolution
1551343,AppleSupport,@AppleSupport why can’t I download a song on my iPad. What is going on with this crappy update!,technical_hardware_software_bug
1549433,AmazonHelp,Amazon Prime Release Date Fail - https://t.co/ss4PPmq2oo @AmazonHelp @117795 @115821 @9659 @115766 #CallofdutyWW2 #fail https://t.co/cWyTvKyKRt,product_inquiry_availability
2452,Uber_Support,"@115873 @Uber_Support 
My wife account got charged w 2 uber eats orders we never placed.
Called help number, and after 20 min hold, all we were told had to email uber help
Seriously?",billing_payment_dispute
1708,AmazonHelp,"@115821 being charged for amazon prime & when I go to cancel it, it’s saying I’m not a member😠😠😠",billing_payment_dispute
3163,Uber_Support,"Uber driver drove me to wrong location, makes me get out anyway and @115873 won't provide a proper refund 🙃🙃🙃 #Delete #Fail Sup @115879 😘😘😘",order_delivery_issue
4821,Ask_WellsFargo,@Ask_WellsFargo is there an SMS outage? I have been unable to log into my account due to 2FA (text) and unable to do text banking. Thanks.,account_access_security
1551402,Uber_Support,"Just so you know, your @115873 driver can cancel your drive and charge you and then no one will answer when your call",order_delivery_issue
2980528,UPSHelp,"So. @124423 did a GREAT job of rushing me new pair of @822047 after mine broke in Little Rock on Sat.

But. Then @115817 hit me with a “delivery delayed” notice. 😕

Hey @UPSHelp, is it too late to re-route delivery since I’ll be traveling? LMK ... #FightForGoodTour https://t.co/BmEizwjY6m",order_delivery_issue
2985890,Ask_Spectrum,"Cool. My @Ask_Spectrum internet is down and a tech can't get here until WEDNESDAY. Awesome. Legit goes out every other night, I hate this.",service_outage_connectivity
786900,Tesco,@Tesco Aaaaa brilliant that's a massive help 😃 thank you,feedback_praise_resolution
2980170,AskCiti,"@AskCiti I was charged a late fee with no warning, after having this account for almost 10 years of on-time payments. I will be closing my account if this fee can’t be reversed.",billing_payment_dispute
5955,AirAsiaSupport,@AirAsiaSupport Your airline the worst and horrible customer service 🙅🏽🙅🏽🙅🏽,complaint_poor_service
2269702,Uber_Support,My @115873 driver raped me and stole my keys to my house,order_delivery_issue
7045,SouthwestAir,"Also @SouthwestAir has the worst terminal at SD airport. You’d think if they can never be on time, they’d fill their terminal w cool shit.",flight_travel_disruption
2984932,UPSHelp,Thanks for nothing @115817 @UPSHelp I have a package being delivered that requires a signature so you asked me to be available for a 4hr time frame. I was available but your shipment never made it. I appreciate your reliable shipping...,feedback_praise_resolution
1548160,ArgosHelpers,"@ArgosHelpers @470883 What can be done? It's obvious that Argos don't deliver game's on the release date, disappointing a lot of people,I won't be ordering again",product_inquiry_availability
2269185,AmazonHelp,@AmazonHelp dear Amazon either #refund #money in 24hrs or I have to file an #FIR,subscription_cancellation_refund
2980544,UPSHelp,@UPSHelp can you help me find my package! My tracking info says delivered but it was not! Help!!,order_delivery_issue
2269518,Uber_Support,@Uber_Support your driver was just rude and abusive! who do I speak to?,order_delivery_issue
2763,Tesco,@Tesco I managed to checkout thank you luckily didn't loose me space 😂,feedback_praise_resolution
2266338,Ask_Spectrum,@Ask_Spectrum is there a planned outage in the Eau Claire WI area?? no phone/cable/internet...,service_outage_connectivity
2270378,LondonMidland,@LondonMidland Why should I pay twice? You should provide a service at the station for this instead of empty kiosk. How long is the wait to get a refund? https://t.co/7bJYuBrfAX,subscription_cancellation_refund
2983467,UPSHelp,"@115817 @115075 I paid for Next day shipping because my deadline was Nov 28th. It cost me $58.14 and it didn't arrive until today! A DAY LATE!!!! Not only did I miss my deadline, I waited on hold for Customer Service for 35 mins",complaint_poor_service
2984344,CoxHelp,@116021 has the worst customer service and one employee committed fraud. I will get to the bottom of this,complaint_poor_service
2271190,Delta,"@Delta I am a Gold medallion member. I recently travelled to India from US and I requested the agent if any complimentary upgrades were available for gold medallion member, because there were 11 first class seats free during boarding.",flight_travel_disruption
1550175,AppleSupport,@AppleSupport please assist in resetting password. This is ridiculous,account_access_security
1544450,AmericanAir,@AmericanAir Really want to help? Refund the money we had to pay for terrible airplane food,subscription_cancellation_refund
785178,Uber_Support,Uber driver was getting food after confirming so I cancelled. Cancellation took ages to go through. Still got charged £4. Thanks @115873 🙄 https://t.co/plGbNVxyKv,order_delivery_issue
11120,AppleSupport,"@AppleSupport 6 plus, idk what iOS version.. and it was the rear facing camera",technical_hardware_software_bug
8213,SouthwestAir,@SouthwestAir Nope. 6 hours later and I'm still on standby. Trying not to cry in the airport.,flight_travel_disruption
2982348,AirAsiaSupport,"@AirAsiaSupport hi, I sent a DM regarding my flight to Bali 12 hours ago and still haven't gotten a reply and neither have I been able to connect to your livechat support.",flight_travel_disruption
3317,sainsburys,"@sainsburys Ok will do, thank you!",feedback_praise_resolution
2981405,nationalrailenq,@nationalrailenq could you confirm if there will be any train services running tomorrow from Llanelli to Swansea thank you,feedback_praise_resolution
2266565,Uber_Support,@Uber_Support you charged me 5 bucks for a no show when it was the driver who didn't show and then cancelled the trip when I tried calling,billing_payment_dispute
2266370,ATVIAssist,@115765 I know we've been pecking your head and this isnt going to help but when you melee hit someone it should stun them instead of them being able to shoot please and thank you xx,feedback_praise_resolution
2985162,Ask_Spectrum,"@Ask_Spectrum another outage in Washington Heights (upper Manhattan). Awesome service, folks!",service_outage_connectivity
1551362,AppleSupport,When @115858 has yet to fix their stupid ass glitch and you’re stuck using “eye” to refer to one’s self. #WhatTheEntireFuck #BloodyHell https://t.co/oLcFGDRqmJ,technical_hardware_software_bug
2984051,SouthwestAir,Think the pilot may have been offended when I complimented him on his nice pilot costume when we were boarding? 👩‍✈️ 🤔 @SouthwestAir,flight_travel_disruption
1551811,AppleSupport,@AppleSupport is there a way to run a remote battery diagnostic on my iPhone 6s Plus?,technical_hardware_software_bug
2987035,Ask_Spectrum,@Ask_Spectrum is there an outage in Waco texas?,service_outage_connectivity
2981960,Uber_Support,Cancelled an .@115873 cos it was 15 mins away and there were other ones nearby. So they charged me a fee and gave me one 20 mins away 😂,billing_payment_dispute
786045,O2,"Hey @o2, if i have a third day of no signal today, somehow, I’m getting revenge. You don’t even give money back for uninterrupted service!",service_outage_connectivity
2980124,Ask_WellsFargo,".@116827 to save money after having to settle with consumers for your bad behavior, you have fired customer call reps making my experience as a customer a nightmare. I have tried to call you THREE times & been on hold for 30 mins each time. You do not deserve my business.",complaint_poor_service
784384,Delta,@Delta Thanks! Looking forward to the flight. Have just settled in 😄👍 Feeling comfy!,flight_travel_disruption
2266752,AppleSupport,@AppleSupport @AppleSupport hopefully you get you things in order Apple with future updates. Annoyed was not the word when I was in hospital without any battery on my iPhone . I feel like I have to carry a battery charger around with me like the 1980s. Will this be the IPhone 9 ? 😂😂😂 https://t.co/THUUoAGPWU,technical_hardware_software_bug
2266120,AppleSupport,@115858 @AppleSupport @46228 I️ would like to use the letter “I️” in posts and messages by apparently I️ am unable to type anything other than I️. I️ even tried to trick it and write I️ but this bug is smarter than me. Do you see the problem I️ am speaking of?,technical_hardware_software_bug
1544253,TMobileHelp,@UPSHelp @115911 @115858 And you obviously didn’t staff your call centers for the completely predictable volume increase because I was on hold for a damn hour.,complaint_poor_service
791,Delta,@Delta I checked daily and flight 1403 was never offered as an option as I most certainly would have made the adjust on my trip.,flight_travel_disruption
2263754,MicrosoftHelps,"@MicrosoftHelps Good news @MicrosoftHelps, the redirect is gone and I can login successfully. Thanks for the assist!",feedback_praise_resolution
821,Delta,"@Delta OK it was not a full flight, #equipment change had nothing to do with comfort class, no #disabilities (and a handling agent telling #customer #care would take care of us) So please non of these as an excuse! I’ll retwitter your reply! Thanks",flight_travel_disruption
787285,Ask_Spectrum,"@Ask_Spectrum @307799 Till 8 AM?

Do you guys have no respect for your customers?
Throttle me all day and drop the internet every other day, now an 8 hour outage?",service_outage_connectivity
348,AirAsiaSupport,"Lost your booking number? No worries, just drop me the passenger's name, flight details and email. I'll trace it and email u in no time :)",flight_travel_disruption
1546700,AppleSupport,This macOS high sierra update is stressing me out. All night this shit didn’t install. Help @AppleSupport,technical_hardware_software_bug
2263747,CoxHelp,@CoxHelp my internet has been down 12 hours. Had an ETA of 1:40 pm now nothing. Please help. Thanks.,service_outage_connectivity
1689,UPSHelp,"@UPSHelp Nope, I’ve got my package thanks",order_delivery_issue
2264310,AmericanAir,Hi @AmericanAir I'm on your plane for just 20 minutes and it has already been an unpleasant flight. Do you teach rudeness to your crew?,flight_travel_disruption
2267844,VirginTrains,When you’ve paid the right fare and are in the right seat but terrified of the @VirginTrains conductor #soundsscary #longlistofrules,billing_payment_dispute
4550,XboxSupport,@116780 #XboxHelp this has to be reported to Gears of war. The update and do the server fix,technical_hardware_software_bug
2269890,AppleSupport,@AppleSupport Yes I have to restart my 7plus at least once a day to fix the freezing keyboard issue. It was fine before the 11.1 update...,technical_hardware_software_bug
791581,AppleSupport,Apple lanza iOS 11.0.3 solucionando fallos en el iPhone 7 y 6s https://t.co/HJhJSkj286 https://t.co/vpAeHTAk7L,technical_hardware_software_bug
788712,Uber_Support,@Uber_Support I will be charged if I will cancel my trip.the driver shoild not accept it if he is far and still completing a ride.,billing_payment_dispute
7935,ArgosHelpers,@116245 falsely advertising same day delivery would like a refund please,order_delivery_issue
1548584,XboxSupport,@XboxSupport fix the home screen on the Xbox one. I can’t even leave my party. The tabs are messed up. It won’t let me scroll past LFG,technical_hardware_software_bug
2773,Tesco,@Tesco I spoke to a check-out guy who said he worked in stock and he said something about freezers being broken. But that’s not good enough.,product_inquiry_availability
1547036,Uber_Support,So @Uber_Support @115873 please tell me why I am being charged a cancellation fee when the driver cancelled on me?! Please refund!,billing_payment_dispute
2269716,Uber_Support,"@Uber_Support my friend left his phone in our ride last night but because he booked it and I was only the fare splitter, the app won’t give me the option to say that we lost an item. Please help!",billing_payment_dispute
2987805,SouthwestAir,"@SouthwestAir I paid for early bird, but got boarding group B. This is a huge bummer, since I paid to ensure I'm in group A. Any help here?",flight_travel_disruption
1550077,SouthwestAir,"@SouthwestAir has the BEST employees. Everyone from flight attendants, to the agents, to the pilots ❤️❤️",flight_travel_disruption
1548721,AskeBay,@AskPayPal @AskeBay why do I have to add a new bank connection/credit card when trying to complete the eBay PLUS trial activation via PayPal?,account_access_security
790977,AskLyft,@AskLyft Please assist me with a Lyft Flat Fare pass for the Washington DC Metro area. My email is __email__. Thank you.,billing_payment_dispute
789772,Delta,@Delta so in first class is it your practice for flight attd to walk past the black ppl to serve the white ppl then come back to me?,flight_travel_disruption
2264177,AmericanAir,"@AmericanAir I just arrived to Mexico City on flight 2417 and my suitcase is missing, they said if tomorrow arrives it will be sent to my personal address, but I don't live in Mexico City",flight_travel_disruption
2983089,UPSHelp,The best package deal @115817 @115821 #Halloween2017 https://t.co/ePqxWmI7NA,order_delivery_issue
3226,Delta,@Delta Thx for reply. Understand the concern for safety. Otherwise great flight appreciate getting us home safe during very busy holiday weekend.,flight_travel_disruption
2984688,Uber_Support,What the heck is this? @119983 @115873 neihter picked me up nor i reported for cancellation. Why i charged cancellation fee. He didnt come to my pick up place. https://t.co/yDVJyO4m52,billing_payment_dispute
3240,Delta,@Delta Thank you.,feedback_praise_resolution
2266549,Uber_Support,@Uber_Support When I booked the cab it was showing ₹74 but when we were on our way I got a message that fare will be higher than expected. Why did it happen? Why are you duping your customers? #Uber #India #Delhi,billing_payment_dispute
2269741,Uber_Support,@Uber_Support 75happhour promo code is not working .. I try many times,billing_payment_dispute
2987009,Ask_Spectrum,Love having no internet when I'm trying to work on homework that I back up to a cloud drive. Thanks @115955! You're crap!,service_outage_connectivity
2986997,Ask_Spectrum,"@Ask_Spectrum Your internet is acting up again for the thousandth time... 😪 I have 100 down, it shouldnt take 25 minutes to download a 782.6 MB update. https://t.co/MNpxFUA3OY",service_outage_connectivity
2270172,UPSHelp,"@UPSHelp I’ve got a delivery due for tomorrow but it’s not updated on tracking, help???",order_delivery_issue
2265626,AmazonHelp,"@AmazonHelp This is happening for the second time. The contact details provided of the delivery agent is ""either switched off or is not reachable""",order_delivery_issue
785851,Uber_Support,@Uber_Support dear Uber on 10/6 and twice on 10/7 I was charged $5.99 for trips I haven’t taken. Please reimburse me for those 3 charges. TY,billing_payment_dispute
2983087,UPSHelp,@UPSHelp why is my @115817 package in my city but held for future delivery? It was supposed to be here yesterday orig,order_delivery_issue
1551599,JetBlue,@JetBlue Thank you!,feedback_praise_resolution
2987647,SouthwestAir,@SouthwestAir You guys did great in handling it!!! Thank you,feedback_praise_resolution
11367,AskPlayStation,"@AskPlayStation I used my credit card yesterday just fine, today it says my card isnt valid. Tried using another cc and PayPal. Fix for bug?",technical_hardware_software_bug
1544088,AppleSupport,@115858 please fix this update! My phone is acting crazy! #nothappy #notupgradingmyphone2X,technical_hardware_software_bug
2982268,AskLyft,WTF @115879 I'm waiting outside in the cold for my lyft driver who never showed up then I get charged a no show fee?! I'm the ONLY person here!! 😠 He was NOWHERE IN SIGHT!!!! https://t.co/1RU9ETLKFg,billing_payment_dispute
1545577,AskPlayStation,@AskPlayStation @478664 Is Minecraft getting the together forever update?,technical_hardware_software_bug
786325,Morrisons,"Oh dear @Morrisons, you're not having much luck with me lately. This time charged me for 3 bags of multipack Wotsits, but I only bought 1.",billing_payment_dispute
2983459,UPSHelp,My package was supposed to be delivered today it’s almost 8pm.... @115817.,order_delivery_issue
1546814,AppleSupport,"@AppleSupport, why does the brightness on my iPad keep changing on its own whether it’s in use or not since the latest update? This is annoying AS FUCK.",technical_hardware_software_bug
3302,Ask_Spectrum,@Ask_Spectrum Thank you,feedback_praise_resolution
784744,AmazonHelp,@115850 @AmazonHelp @115821 EVEN aftr 3ice escalation 4 Order #404-0175926-6727564 through chat call the order was not delivered by 1pm,order_delivery_issue
785487,AmazonHelp,MRP Rs 190 on box. @115850 @amazonhelp displayed INR 250 on site charged INR 192 on delivery!!!. What a way to #fraud customer! @115851,order_delivery_issue
2986417,Delta,I travel with great frequency for both work and pleasure and find @Delta airlines has the worst customer service around. I'm so disgusted!,complaint_poor_service
2432,Uber_Support,.@115877’s surge pricing is ridiculous. I literally just ordered the exact same food from @425 on @154 for $13 less. 🙄,billing_payment_dispute
2265107,comcastcares,"@115900 prism PRISON the WORST customer service, or lack thereof, ON EARTH!! House sitting and trying to work this remote and the actually speak to somebody- what a joke! My MBA did not prepare me for this!",complaint_poor_service
2269966,AppleSupport,"Pro tip for @115858 - if you’re going to update everyone’s iPhone software at once, make sure you consider people still buying the older models. 

The upgrades shouldn’t turn the iPhone 7 into a paperweight.",technical_hardware_software_bug
2267722,Delta,@Delta @659995 Yeah your DMs suck I won't use your asses can't even get a simple mileage account fixed and am to believe your going to fix her luggage problem when you screwed up to begin with,flight_travel_disruption
788617,SpotifyCares,"@SpotifyCares Now that I've timestamped this, I can let you know if/when it happens. I did just install an update!",technical_hardware_software_bug
2987254,AmazonHelp,"@115850 Worst Service EVER by Amazon
I ordered Mobile charger of minimum amount I cancelled order bcoz it was taking too much time,Now they are telling it will take 14 days to sort out issue and refund money in amazon pay balance. @118702",subscription_cancellation_refund
2265587,AmazonHelp,@AmazonHelp Thank you! I've submitted the my information.,feedback_praise_resolution
2987780,AmericanAir,@AmericanAir Thanks. Looks like a lot of mistakes in @116125 at this time. Same as LH 410. isn’t diverted to LGA,flight_travel_disruption
792368,O2,@O2 No help there. I can see the mast but there is still no signal. AFTER 5 MONTHS! Please tell me date signal will happen.,service_outage_connectivity
787028,ArgosHelpers,"@116245 Yay sneaky Price increases, more out of stock being added. ready for Black Friday reductions. Sorry to be skeptical.",product_inquiry_availability
2981740,Ask_Spectrum,Yet another internet outage courtesy of @1625 @144736. Third time this month! What am I paying for?,service_outage_connectivity
786209,AmericanAir,Shoutout to the @AmericanAir employee who just checked a dozen bags for free since it was all donated supplies for Haiti! 🙌,feedback_praise_resolution
1551161,XboxSupport,"@XboxSupport at this point I want a refund and have lost faith in Xbox as a whole , there is never a day where there isn't a sever issue SMH",subscription_cancellation_refund
787431,AppleSupport,"@AppleSupport It’s the 7 model. Sometimes my phone will freeze completely for a minute or two. My speaker won’t work on calls, I can never change my music from the lock screen or control center.",technical_hardware_software_bug
2984965,DoorDash_Help,Thanks for refunding a whole $4 of my >$40 order @116584. How about refunding all your absurd fees since you didn't do your job?,feedback_praise_resolution
1543690,TMobileHelp,Update : @115911 @TMobileHelp woooooooow ! So you cancel my order ?!?!? https://t.co/K4Tla7LdI0,subscription_cancellation_refund
1717,AmazonHelp,"@AmazonHelp My package just got here. All good, thank you!",order_delivery_issue
2263288,AdobeCare,"@115777 guys, you just won the award for the worst customer service ever seen. I'm going to cancel all my subscriptions immediately. Hope at least that can be done without any issue",complaint_poor_service
2985570,Uber_Support,@Uber_Support request a ride at 10.50 am today. The can arrived in 2 mins. The driver refused the ride saying he wants to go home. But did not cancel the trip and drove off. 6 mins later he cancelled the trip and I am being charged cancellation fee for driver having cancelled!,billing_payment_dispute
1543394,Uber_Support,"@129622 @115873 Uber Jihad? r u kidding me? WTF do u mean by unpleasant experience?
The uber driver was smelling curry or onion? 4 fuck sake grow up lady!😂🤣",order_delivery_issue
2984567,AmazonHelp,@AmazonHelp Just a vauge some time in the next 3 days with no further tracking info. It really is starting to look like your systems are getting overwhelmed.,order_delivery_issue
2265742,SouthwestAir,@SouthwestAir @126260 did the flight to PHX 286 board and take off? They left me behind because of the emergency,flight_travel_disruption
1549852,UPSHelp,"@115817 my iPhone X has been ""out for delivery"" since 9:31am. Where can I see a time-window of when it arrives? 1ZE10Y190463459946",order_delivery_issue
2267212,AirAsiaSupport,@AirAsiaSupport Oh okay then! Thank you :),feedback_praise_resolution
2986128,Ask_Spectrum,@Ask_Spectrum internet outage in NYC 10034?,service_outage_connectivity
790910,VirginAmerica,"@VirginAmerica I’ve already started Gifted! Will skip thru for a few, then check some Wonder Woman then get some shut eye🤷🏾‍♀️ Thanks for being awesome https://t.co/mJEKjb57H1",feedback_praise_resolution
2270009,AppleSupport,I finally give in and update my laptop now my morning has been hijacked it's been over an hour 🤔 thanks @115858 😐,technical_hardware_software_bug
1551230,AskPlayStation,@AskPlayStation hi. I’m trying to sign in to my psn app I haven’t been on in a while and my phone is off. So I can’t get the verification,account_access_security
2271289,GWRHelp,@GWRHelp 15:16 from Fratton to Salisbury is delayed (after original 15:08 from Portsmouth Harbour was cancelled) and I'm going to miss the connecting bus from Salisbury to Warminster. Will the connecting bus wait?,flight_travel_disruption
1545183,UPSHelp,@UPSHelp thank you for the quick response ! Building my customer trust again,feedback_praise_resolution
2270441,AlaskaAir,@AlaskaAir from all of us on Flight 19 after the #OrlandoFiasco - thank you for the great service. This crew was amazing!,feedback_praise_resolution
1546899,DoorDash_Help,@116584 Been trying @116584 on and off for months. In different cities. Same thing. Inaccurate orders. No easy way to get a refund. A waste.,subscription_cancellation_refund
2986137,Ask_Spectrum,"@Ask_Spectrum is there an outage in Inwood, Upper Manhattan?",service_outage_connectivity
1547935,TMobileHelp,"@115911 You sent defective phone. I sent back, you sent replacement w/o battery. Charged me $20 return fee. $11 shp. $40 battery. Sucks.",billing_payment_dispute
2270456,AirAsiaSupport,"@115798 It's XE748Y. The flight was delayed 2hrs bc of weather, but it took over 30 mins to get off the plane due to umbrellas & 1hr to get bags.",flight_travel_disruption
2269355,AmazonHelp,@AmazonHelp Here is the tracking. 69710237343,order_delivery_issue
2265328,TfL,@TfL 061984431730 I assumed looking at what I'd been charged would show if it's been applied thanks,billing_payment_dispute
1551490,AmericanAir,"@AmericanAir Thanks for the impersonal reply, faith restored!👌🏼",feedback_praise_resolution
2265120,comcastcares,"@comcastcares Lol yeah it’s connected. Have reset modem, router, etc. speed been like this for days. About to switch to centurylink",service_outage_connectivity
9953,AmericanAir,@AmericanAir Hi! Can you please give me a phone number to call to check flight status? Thank you!,feedback_praise_resolution
2981852,AmazonHelp,@AmazonHelp Yes i tried all of those things. Even went to my neighbors to check left and right of my house nothing. What’s upsetting is it says driver delivered to a recipient. Called support not much help there either was told to wait until 4pm tommorow 🤐 twice in a month unbelievable!!!!,order_delivery_issue
2980412,AdobeCare,@117341 I've been on hold for over 30 min. what does a girl gotta do 😭😫,complaint_poor_service
2631,AppleSupport,"@AppleSupport iPhone 7+, iOS 11.1",technical_hardware_software_bug
1637,Postmates_Help,@Postmates_Help order was messed up. Got a $5 refund when I deserve my money back. Food tasted horrible.,subscription_cancellation_refund
2270993,MicrosoftHelps,"@MicrosoftHelps About 3 months ago last time and when i try to login i get error message to change my password. I've changed it so many times, change my email address even but nothing helped. Account reputation is in good standing so i don't know what else is the matter. Not travelling",account_access_security
2271229,Delta,Caught a killer sunrise on a @Delta flight this morning! https://t.co/dkpGWTa9JL,flight_travel_disruption
2263752,MicrosoftHelps,"Hey @MicrosoftHelps is https://t.co/UahHOSpxUX broken right now or is this how it normally behaves? Constantly redirects to password re-entry in 3 seconds, unable to 2FA.",account_access_security
3500,BofA_Help,"@BofA_Help Thanks for the call, pls let me know if you need any information from me to help fast track ur research",feedback_praise_resolution
1547213,AmericanAir,"This is Main Cabin “Extra” on @AmericanAir flight, after the premium fares charged. Is Basic Economy in cargo? Stick with #StarAlliance 🙄 https://t.co/2WYEZMxbOp",billing_payment_dispute
2986706,airtel_care,@airtel_care pls I ve done 5gb I see no reason why airtel will still activate my blackberry plan..I beg in name of God refund my money plsss,subscription_cancellation_refund
2264844,SpotifyCares,"@SpotifyCares Hey have you found a solution to Spotiamb hijack? Changing password, signing out etc doesnt work and its been going on for a while now

https://t.co/4BQwYFDhs4",account_access_security
2266654,Uber_Support,@Uber_Support I have been waiting for more than 15 mins and tried reaching this driver his phone was switched off. He should have informed me before hand or shouldn’t have accepted the ride. I’ve been charged for this ride. Pls let me know the solution. https://t.co/fUJDo5MWK2,billing_payment_dispute
791624,AppleSupport,@AppleSupport why is there no way to disable stickers in imessage for the iPhone on iOS 11? i don’t use stickers and it slows things down,technical_hardware_software_bug
787214,AmazonHelp,When @126705 deliver your @115821 parcel and it’s soaking!! 😠,order_delivery_issue
2983625,AppleSupport,@AppleSupport updated to the newest IOS and now my speaker isn’t work when playing music/videos ? But works fine when a call/ FaceTime comes through? HELP PLEASE,technical_hardware_software_bug
2264547,UPSHelp,@115817 Liars! First the driver didn't bother to come to the door. Then I was lied to by 6 customer svc reps. I never got the package after being assured that I would. #SHAMEONUPS #UPSSUCKS #UPSFAILURES,order_delivery_issue
11320,sprintcare,Been calling sprint all week! Been on hold for a whole hour with @115714 today and still haven't resolved my issue! I'm calling @118156 💯,complaint_poor_service
791477,AmazonHelp,"@AmazonHelp waiting for 2 parcels, was due for delivery yday, you said you attempted delivery but didn’t, know they’re due on the 17/10/17",order_delivery_issue
788805,AskLyft,@115879 hey can I get a refund for the ride I just had?,subscription_cancellation_refund
1549910,AskPlayStation,"@AskPlayStation I rest to defaults but when trying to sign in it said can't sign into playstation network, network might be busy",account_access_security
2983475,UPSHelp,When it’s 9pm and your overnighted package (from yesterday) still isn’t here. Wtf @115817 @UPSHelp,order_delivery_issue
2264855,SpotifyCares,"@SpotifyCares your social media team is sound and good at their job, but can we just agree that this song is pretty much the forgotten hit that defined a generation?",technical_hardware_software_bug
11555,AskLyft,@AskLyft I tried calling my driver multiple times to find him and he didn’t answer and I was just charged a cancelation fee... https://t.co/yH6W6XXlqd,billing_payment_dispute
2981934,TMobileHelp,"@115913 TMobile sucks, it has the worst customer service and sells damaged refurbished phones at full retail price to new customers. I hate TMobile and will he switching over my phone carrier as soon as I can. I would never recommend TMobile to anyone.",complaint_poor_service
2266058,AppleSupport,"@AppleSupport heard the new update is lagging and is super slow, so once that’s fixed then i’ll update it.",technical_hardware_software_bug
1544763,AskPlayStation,@AskPlayStation Hi. I need help recovering my password on my sign in email at PSN. Please help me.,account_access_security
3823,Tesco,@Tesco make that on hold for 20 mins - really first class service - erm not https://t.co/NPwoeX9w54,complaint_poor_service
1545912,comcastcares,@comcastcares having an issue with my connection. Any word of an outage?,service_outage_connectivity
784430,GWRHelp,@GWRHelp 8.19am Redland-Bristol Temple Meads. The minimum fare might be why also.,billing_payment_dispute
2987073,ArgosHelpers,"@118374 Boycotting Argos; reserved item at half price but when went to collect said item wasn’t in stock, when checked item availability myself in same store; was available at full price only! #ArgosScam @116245 @ArgosHelpers",product_inquiry_availability
1549414,AmazonHelp,@AmazonHelp Like I said it's been cancelled for months. Everytime I think that I still have it when I get charged I go to manage my account and this happens https://t.co/xS1xrdHIop,billing_payment_dispute
8542,AppleSupport,@115858 needs to figure it’s shit out. My phone won’t stop freezing & closing apps 🙄😡,technical_hardware_software_bug
2263828,Delta,"Trying to upgrade to delta one- called delta last night and got one price, today the airport gives me a higher price, then I️ call Delta just now and they give me a different price - three different prices confusing - not happy for a red eye @824 @Delta",flight_travel_disruption
9037,CoxHelp,@CoxHelp nice try. those well-trained workers caused my outage & your phone rep must’ve had a bad day. goodbye @116021 hello @115955,service_outage_connectivity
1548892,Uber_Support,@115873 You guys have the worst customer service.,complaint_poor_service
2645,AppleSupport,@115858 when will the bug in the calendar app be fixed? I upgraded to iOS 11.1 and it still crashes when iOS 11.03,technical_hardware_software_bug
2270026,AppleSupport,"Oi @AppleSupport since the latest iOS update, replies to any texts I write appear in my feed BEFORE my original text! Any solutions available?",technical_hardware_software_bug
11165,SpotifyCares,"@SpotifyCares Sure, thank you very much.",feedback_praise_resolution
789017,AmazonHelp,"WOW - one search on a very specific Amazon product, and I get email spam within 10 minutes selling exact same product line. @AmazonHelp",product_inquiry_availability
787240,TMobileHelp,@TMobileHelp my internet is down,service_outage_connectivity
9709,XboxSupport,@XboxSupport my gears of war 4 wont launch it goes on the loading screen and boots me off the game,technical_hardware_software_bug
1550742,AlaskaAir,Have to give a big #shoutout to Gabe at @AlaskaAir’s social media. Took the time to check in/respond to a frustrated customer. #roadwarrior,feedback_praise_resolution
2264209,AmericanAir,@AmericanAir Managed to get on the latter flight. Thanks to Eduardo at hate D42 for being so nice and giving me much needed therapy.,flight_travel_disruption
2266334,Ask_Spectrum,"Hey @Ask_Spectrum, is there some sort of outage in my area here in Arizona? My wifi was working & then all of a sudden it stopped working, even though the WiFi icon is still showing. Please fix ASAP!",service_outage_connectivity
786205,AmericanAir,Thanks @AmericanAir for cancelling my flight and sending me to DC... really great for my aniexty,flight_travel_disruption
1543938,AskPlayStation,@AskPlayStation i'm getting an error code every time i try to sign in but everything is up on psn,account_access_security
1543925,AskPlayStation,@AskPlayStation someone is logging into my account and I changed my password and someone is still on it,account_access_security
2987898,VirginTrains,@VirginTrains Just frustrating as a Season Ticket holder when others are getting away without paying the proper fare.,billing_payment_dispute
6919,AppleSupport,"@AppleSupport I installed the iOS 10.0 , 10.0.1 and 10.0.2 and makes my iPhone 6 very slow and doesn’t work properly can you help me?",technical_hardware_software_bug
792018,AskPlayStation,@AskPlayStation after i upgrade my account cannot sign in. it stucks on Please wait... Please help! https://t.co/sJzsfvHLQ6,account_access_security
1546086,Delta,"@Delta pathetic customer care.after holding for 90mins, no help offered to solve my problem except to pay $3800 to change my flight",flight_travel_disruption
9829,AppleSupport,@AppleSupport started before downloading 11.1 (was never able to download 11.0.3). hasn't gotten better since update,technical_hardware_software_bug
3585,AmericanAir,@AmericanAir what’s going on with flight 301 DTW > DFW? Delayed over 3 hours. Will it be canceled?,flight_travel_disruption
1549845,Tesco,"@Tesco why do you sell these cappuccinos at £2.50, whilst @sainsburys at £2.00 and @117250 at £1.99? And no these are not special offers https://t.co/nbcnpCtTSw",product_inquiry_availability
791672,AmericanAir,@AmericanAir TERRIBLE way to treat Exec Platinum customer. Diverted flight for safety reasons. Refusal to waive fare difference Home. Boo.,billing_payment_dispute
2268239,AmericanAir,"Wow, @AmericanAir . I just had the worst customer service experience ever! A customer service rep hung up on me mid conversation. #Disrespected #AmericanAirlines
#AmericanAir",complaint_poor_service
1549817,XboxSupport,Call Of Duty: Loading Screen 2 https://t.co/LVcv9630md,technical_hardware_software_bug
1550128,CoxHelp,"@CoxHelp I guess it’s an outage in the La Mesa region, but thank you for getting back to me.",service_outage_connectivity
785218,comcastcares,@116136 Thanks for the unannounced 'scheduled' maintenance in Tucson. A heads-up would be nice,feedback_praise_resolution
2983579,UPSHelp,The @3510 found delivery in Malta regularly while @115817 has problem. Very nice company for to safe,order_delivery_issue
2265735,SouthwestAir,"@SouthwestAir Oh we got rebooked. With a flight that has 2 stops, adds several hours to our flight and no notice of it until we tried to board our original flight and got rejected at the gate. So a short flight turns into 5 hours.",flight_travel_disruption
1543322,AppleSupport,@AppleSupport I got the iPhone X on AT&T network. I keep getting a could not activate iPhone message!!! I don't have iOS 11. HELP!,account_access_security
2265849,SouthwestAir,@SouthwestAir what is up with delays from MSP to MCI and now MCI to MKE. Gate agents haven’t answered. Had an appointment at 10:30pm.,flight_travel_disruption
1773,AppleSupport,"@AppleSupport I just get a white screen and nothing loads. After a short time, it just closes/crashes. Thanks for the reply.",technical_hardware_software_bug
1551735,Delta,@Delta. Just waited 30 minutes to change my flight. Transferred me to skymile number and was disconnected. Now what number do it call,flight_travel_disruption
2266600,Uber_Support,@Uber_Support we were also charged 3 times for 1 uber. please explain this too.,billing_payment_dispute
9867,Delta,@Delta has the worst customer service I have ever experienced. Spent two hours on the phone due to ignorant operators & nothing was resolved,complaint_poor_service
2980784,ChipotleTweets,Thank you @ChipotleTweets for the great discount for #Halloweenday . You made my day,feedback_praise_resolution
2981794,UPSHelp,@UPSHelp @115817 Terrible service today. I’ve been on hold for 45 minutes only to be disconnected - TWICE!,complaint_poor_service
2263725,CoxHelp,@216083 @CoxHelp Agreed we're going on a multiple day outage / partial outage for this area. Degraded upstream going all the way down to 0.15Mbps,service_outage_connectivity
789860,MicrosoftHelps,@MicrosoftHelps Got it done https://t.co/gdKlOOwKYP update new issue,technical_hardware_software_bug
786617,Uber_Support,@Uber_Support I do not see a place to leave a note. All I see are drop down menus. I received a credit but want a refund as I do not use Uber often.,subscription_cancellation_refund
791679,SpotifyCares,"Hello @115888, i forgot my password! I need help to rescue my password. Can you help-me?",account_access_security
5663,BofA_Help,@BofA_Help Thank you call me tomorrow afternoon 3:00 pm (706)614-7640,feedback_praise_resolution
2271278,Delta,On our way to Hollywood for the night. Long story..... A couple complimentary @Delta medallion upgrades mean we are the only passengers in 1st class on this flight! https://t.co/JarmW4u8gl,flight_travel_disruption
786762,AmazonHelp,@AmazonHelp I am getting no calling option as unable to sign in,account_access_security
2987356,Uber_Support,Yo @115873 Im not tryin to get double charged here so figure it out... my trip was $14 not $22. https://t.co/o9fziBlNbo,billing_payment_dispute
787787,idea_cares,"@idea_cares I have sent all the details. Request you to take an action as soon as possible 🙏
Thank you!",feedback_praise_resolution
2984722,AppleSupport,@AppleSupport My iPhone X wont charge passed 80% unless i reboot it countless times,technical_hardware_software_bug
2266026,Ask_Spectrum,@Ask_Spectrum my internet is down in Ohio. I have power cycled my modem half a dozen times. Internet was fine an hour ago and now nothing.,service_outage_connectivity
2270455,AirAsiaSupport,@660646 >> We appreciate your patience and understanding. Thank you and have a great day - Ed,feedback_praise_resolution
2987879,Ask_Spectrum,@Ask_Spectrum Internet out for about an hour now.... pc’ed the router and tried multiple devices to connect without any luck.... any eta?,service_outage_connectivity
304,AirbnbHelp,@AirbnbHelp I've just sent you a message with details. Thanks for your help,feedback_praise_resolution
2264074,XboxSupport,@XboxSupport someone keeps signing into my account but I know for a fact I’m the only one with my account on my Xbox. It’s also locked with my Microsoft password,account_access_security
3643,AskAmex,@AskAmex Unfortunately it said that my account was temporarily locked out of the system still,account_access_security
2270988,MicrosoftHelps,"@MicrosoftHelps Thanks for the advice but it has not helped. I have had to do a full factory reset and lose all of my contacts, messages, apps, etc",feedback_praise_resolution
1551424,Uber_Support,Hey @115877 - why is food preparation and delivery a 90-minute process in SF? What’s even the point?,order_delivery_issue
2984563,AmazonHelp,@AmazonHelp My confirmation email says “shipped with AMZL US”,order_delivery_issue
2269847,Uber_Support,@Uber_Support @115873 If a driver cancelled the trip b4 arvng @ pickup pt. why I am being charged with the cancellation fee. Is this the policy Uber relying on. Bad way of business,billing_payment_dispute
10475,VerizonSupport,Our cable is down so my mom called @115722. She’s been on hold for over an hour. This is ridiculous,complaint_poor_service
10343,sprintcare,"@sprintcare Ok thank you, will talk then",feedback_praise_resolution
1549335,Ask_Spectrum,@115955 why is my internet down?,service_outage_connectivity
2983659,AmazonHelp,@AmazonHelp I am on the delivery page right now if u can provide me nearest location it will b very helpful,order_delivery_issue
1548109,Delta,On my @Delta flight heading back from @17099 - busy day of meetings discussing #TwitterSWAG 💙 https://t.co/tj8FfVxlZG,flight_travel_disruption
2983449,UPSHelp,Its 9:25 pm. You're not out for delivery still @115817 driver. I know you're not. Delayed for a second time...,order_delivery_issue
1544673,SpotifyCares,@SpotifyCares i'm on iOS 10.3.3 and version 8.4.23! :),technical_hardware_software_bug
6657,AppleSupport,@AppleSupport My wife made the mistake of updating to 11. How can we revert back? Her password keeper app is now dead. She can't access her passwords.,account_access_security
2985720,SW_Help,@SW_Help @124609 @119696 Thank you do you know what the issue is with the southern railway as this is the 2nd time this week.,feedback_praise_resolution
1544671,SpotifyCares,"@SpotifyCares i have an iPhone 6! It's working now, thank you :)",feedback_praise_resolution
2268181,AmericanAir,"@AmericanAir The flight to Phoenix was bad, customer service was horrible. Flight to EWR was fine till stuck on plane. @660088 & I have pics to show what happened. Worst experience ever! Will be flying @SouthwestAir @116450 @JetBlue in future if situation on both flights isn't addressed.",flight_travel_disruption
3058,comcastcares,@116406 @116136 It might be your router. Does it need an update?,service_outage_connectivity
2263170,AskPlayStation,"@AskPlayStation when reinstalling system software for update 5.01, it says all data will be lost. Is this true? Or will I keep my data?",technical_hardware_software_bug
2266323,Ask_Spectrum,Total internet outage for hours on Friday night. @115955 literally makes me miss Comcast.,service_outage_connectivity
11398,CoxHelp,@CoxHelp how do you determine if there is an outage,service_outage_connectivity
791978,Uber_Support,@115873 driver started the trip even before he arrives. Had to cancel it but I was charged for the trip. How refund?,billing_payment_dispute
4083,TMobileHelp,@115911 @116688 The code doesn't work and I was just charged for a movie 😡,billing_payment_dispute
1548881,Uber_Support,You’d think signing up to be an UberEATS driver wouldn’t be so difficult,order_delivery_issue
2986421,SpotifyCares,"@SpotifyCares I was charged the full Spotify premium fee but I was on Spotify student, if I resubscribe will I be refunded the extra cost?",billing_payment_dispute
1544714,sprintcare,really though all I want to do is use my new Iphone X but @sprintcare @115714 activation isn't working and it's getting late and I am so sad,account_access_security
2263840,Delta,@Delta @Delta I bet @SouthwestAir wouldn’t have left me stranded at the airport. #droppedtheball,flight_travel_disruption
790171,AmazonHelp,@AmazonHelp why are prime members charged to use Pass My Parcel in Bristol but not London?,billing_payment_dispute
1543464,AlaskaAir,@AlaskaAir Thanks for the reply. Is there any way to push out info before departure time elapses? Lack of info is #frustrating,feedback_praise_resolution
670,AmazonHelp,@115845 They sent the feckin' order to Germany! Some dozy driver is looking for an address in the wrong country! I'm so done with Amazon!,order_delivery_issue
5335,AmericanAir,"@AmericanAir just sent me an email giving me 20k miles for a flight delay I complained about on Twitter. Nice job, my friends.",flight_travel_disruption
788709,Uber_Support,@Uber_Support I was charged two $5 cancellation fees today and I can’t find anywhere on your website to send a complaint.,billing_payment_dispute
2263548,AppleSupport,@AppleSupport Thank you for the reply and concern it is appreciated. I’m currently running IOS 11.1.,technical_hardware_software_bug
4487,AskPlayStation,@AskPlayStation Hi&thanks for kindness and support my issue was about my ISP.,feedback_praise_resolution
2267654,CoxHelp,"@CoxHelp internet service down in Cleveland area, thanks.",service_outage_connectivity
1214,SouthwestAir,Celebrated Halloween on a @southwestair flight with my pumpkin spice @15890 and a delicious (free) @115927 O… https://t.co/GGPGaaFVq2 https://t.co/gnCxPEsaEv,flight_travel_disruption
1544962,AppleSupport,@AppleSupport I️ see a lot people been having issues with iOS 11.1 where a box pops is with a question mark when typing the letter I️.,technical_hardware_software_bug
2986271,AirAsiaSupport,@AirAsiaSupport I booked one ticket to Bali but the flight was canceled. Then I asked to change the flight to JOG. I got no notification nor any refund even when the distance is only half of the original distance and the ticket should be much cheaper. I want my money back!,subscription_cancellation_refund
2269301,AmazonHelp,"@AmazonHelp 
Useless cust service on phone. Waiting 3 weeks for a refund, made 3 calls and still nothing. No call back yesterday as promised. Very disappointed and I need the money back now.",subscription_cancellation_refund
1544609,SpotifyCares,@SpotifyCares thank you for your great customer support and prompt help. Great job to your team!,feedback_praise_resolution
2268163,AmericanAir,Flight from PHX to Santa Barbara on @AmericanAir delayed for almost 3 hrs. No wonder it's losing @127663 market share https://t.co/FPWrkMyJwD,flight_travel_disruption
1448,AskPayPal,@AskPayPal Been locked out of my account for 2 hrs. 2 different agents have “reset my account for me” & still no dice as soon as they get off phone,account_access_security
2270453,AirAsiaSupport,"@AirAsiaSupport Hi, can I please have an update on this situation? My partner and I were given a delayed certificate citing a technical issue but no further info & staff actually said on the day that it was bad weather?! Which is it?",flight_travel_disruption
1550464,AskAmex,@AskAmex why am I getting charged a 5.95 monthly fee when it says it’s only $1 and zero if I direct deposited more than $500 in the month which I have.,billing_payment_dispute
9380,SpotifyCares,@SpotifyCares Yes! It is a constant problem on the iOS 11 update. Like I said I’m not the only 1 encountering the problem.,technical_hardware_software_bug
2265706,SouthwestAir,@SouthwestAir I was very upset when my flight was cancelled tonight cuz I was afraid of missing the Aggie game tomorrow but your agent on the phone was very helpful in rebooking us in order to get home in time for the game. Downfall we have to drive to Tampa,flight_travel_disruption
2980555,UPSHelp,"@UPSHelp My package has been rescheduled two days in a row. Third time gonna be a charm or nah? Because I have way better things to do than wait on your drivers to not show up.

1Z2FX8990308253125",order_delivery_issue
2984519,AskCiti,"worst customer service I've seen,1month waiting for a solution and every response I receive is more disappointing than the other @117176",complaint_poor_service
2264501,British_Airways,@British_Airways Great - shall I dm you my questions? Thank you!,feedback_praise_resolution
784395,Delta,@Delta Thanks for clearing the gate! I was really starting to regret that second Diet Coke 😳 #GateBlocked #Still❤️U,flight_travel_disruption
8598,Uber_Support,@115877 @117518 am I going to get a refund...? https://t.co/67jUGLxYLH,subscription_cancellation_refund
8200,UPSHelp,Thanks @115817 for losing my fucking package. 😡I️ want my damn iPhone,order_delivery_issue
2986555,SpotifyCares,@SpotifyCares Thank you :*,feedback_praise_resolution
1549996,British_Airways,@British_Airways thanks for a great flight to Las Vegas on Friday and shout to jordan and Kelsey #1stclassservice 👌🏼,flight_travel_disruption
1543674,Delta,Thank you @Delta for having amazing customer service reps and taking care of my situation. No longer panicking about it 😅,feedback_praise_resolution
2981689,Ask_WellsFargo,I forgot my username and password for my Wells Fargo app 🤦🏻‍♀️ #fail,account_access_security
2267156,AirbnbHelp,@115783 really screwed up and charged me a random $416 on top of my booking for no reason. Apparently there's some bug on the mobile app. What the...?! How is this not a P0 and fixed immediately? These random charges are not acceptable!!,billing_payment_dispute
2263767,AskPapaJohns,@AskPapaJohns any promo code for zipcode 94580?,billing_payment_dispute
1547472,ArgosHelpers,@ArgosHelpers i sent you 3 tweets and you don’t acknowledge any. Don’t you care about 2 branches delivery poor service? 🤔 https://t.co/x2Z7mqr9l8,order_delivery_issue
2985160,Ask_Spectrum,@Ask_Spectrum is there an outage in Brooklyn 11220?,service_outage_connectivity
2263375,AskPayPal,@AskPayPal Hi there. I’m having some trouble accessing my account. I’ve tried resetting the password but my old number is attached to the account and my security question answers aren’t working.,account_access_security
2269690,Uber_Support,"@Uber_Support I'm getting the same response over & over again that my complaint is valid but it can't be addressed as it's for a trip older than 30 days.
How am I supposed to raise a complaint within 30 days when I'm charged for it ONE GODDAMN YEAR later?
Please issue the REFUND.
I'm tired now",billing_payment_dispute
5139,AmazonHelp,Just ordered @115877. Let’s see what gets here first. My package from @115821 which has been “On It’s Way” since 1:22am or the food. #TheRaceIsOn,order_delivery_issue
1551247,CoxHelp,@CoxHelp got an internet outage in 92782 since 5pm. Called and got a service appointment for in a week ? I just wanted to know about outages,service_outage_connectivity
1548041,sainsburys,"@sainsburys I ask whoever is doing the papers and they say ""no sorry they've not been sent again"". Even when i do online delivery never get one?",order_delivery_issue
2985574,SpotifyCares,"@SpotifyCares I cannot find the email address linked to my premium account and nor do I have the password, is there anything you could do?",account_access_security
1549196,AirAsiaSupport,@AirAsiaSupport My flight pen-kul have been rescheduled. I would like to move my flight to a new time (16:45). Booking no: HNQNSA,flight_travel_disruption
2981081,Uber_Support,@115877 no longer help by phone? This hold music is DEATH!! Why charge customer's account before knowing if there's a driver available?! Then the refund takes much longer😒,order_delivery_issue
4223,SouthwestAir,@SouthwestAir thanks for letting us be 10! https://t.co/77LkhO370D,feedback_praise_resolution
2268211,AmericanAir,My sleeping quarters in #CLT airport courtesy of @AmericanAir . Thanks for the multiple (maintenance) delays & making sure all your travelers had a room to stay because of missed flights last night. #AAemployees really need to partner with #CMPD on the airport rules. #majorfail https://t.co/R0XAOZG2gU,flight_travel_disruption
2981016,Uber_Support,@115873 so how can I contact support? I had my friend use my code for a free ride and instead she got charged and I never got the credit.,billing_payment_dispute
2980257,AppleSupport,I got the new fucking iPhone 8 @AppleSupport and my phone keeps fucking freezing: it’s brand new. Done with you.,technical_hardware_software_bug
8679,SpotifyCares,@SpotifyCares No problems with iOS.,technical_hardware_software_bug
2985096,Uber_Support,Not cool @115873 for increasing pricing and benefiting financially during a tragic shooting in #NYC. #Uber https://t.co/eXVR2ignWb,billing_payment_dispute
1550545,ChipotleTweets,Thank you to @479894 @41616 and @ChipotleTweets for providing food for the press box staff at tonight’s football game!,feedback_praise_resolution
1546616,Postmates_Help,@Postmates_Help Took an hour and a half to get me cold food. Quoted me 45 bucks and charged me 66.,billing_payment_dispute
791648,Uber_Support,"@Uber_Support Appreciate your help however this is the same form I filled out yesterday around noon CST, still no response from them.",feedback_praise_resolution
2980550,UPSHelp,@UPSHelp Can you guys tell me when my package will actually ship? It's been delayed 2 times now.,order_delivery_issue
2271253,Delta,"@Delta you can give 2500 sky miles for a baggage delay but can't do a thing for keeping your customers in the dark, on a plane that was supposed to leave 3 hours ago for an hour?? then stranded at MSP overnight?",flight_travel_disruption
2981911,AmazonHelp,@115821 @AmazonHelp Are THERE ANY REAL HUMANS our just #BOTS I CAN'T LOST DUE 2 #UPC #GTIN #ASIN #SKU #ISBN #ASI #ABC #XYZ #TGB ETC. NOT I'M LOCKED OUT #BADCUSTOMEREXPERIENCE #HELP #INSANITY https://t.co/vsek7LMUpu,account_access_security
5023,SpotifyCares,@SpotifyCares They're back now. I was on my phone's 4g earlier. I don't know what happened but when I connected to my wifi it returned. Thank you though.,feedback_praise_resolution
4956,AmazonHelp,@AmazonHelp I have no option but to see if my delivery arrives on the scheduled date. But I will contact customer services if it doesn't arrive on time.,order_delivery_issue
2986122,Ask_Spectrum,"@Ask_Spectrum is there an outage in the area , 11362? Have no internet",service_outage_connectivity
1547133,comcastcares,"@comcastcares Thanks for your response! No, just youtube. Been 2-3 days now, and its on all devices (roku, fire stick, ios, mac) connected to same router.",service_outage_connectivity
8018,comcastcares,@comcastcares how long is outage for maintenance going to last in #Houston? Trying to celebrate #WorldSeries,service_outage_connectivity
4863,AmazonHelp,@AmazonHelp They said it was UPS. UPS says they never received the package to deliver ¯\_(ツ)_/¯,order_delivery_issue
2266576,Uber_Support,"@Uber_Support It means by giving a name of dynamic pricing , you loot your customers.
#UberChor",billing_payment_dispute
787278,SouthwestAir,"First flight for Millie. Her reaction... ""Airplane!"" @SouthwestAir https://t.co/cRlIhgfcXg",flight_travel_disruption
2269731,Uber_Support,"@115877 fully played me this morning, your site is beyond rubbish! Keeps freezing till the time frame to order is over! No breakfast delivery for us! 😞😡",order_delivery_issue
2268736,SpotifyCares,"@SpotifyCares I'm having trouble signing up for the Hulu+Spotify Premium deal and it's just not working for me, I have canceled my subs on both websites and did the process over all again and it still doesn't work, I hope I'm not charged twice. Help me get the $4.99 thing done TY",billing_payment_dispute
1549298,Uber_Support,@115873 @119983 Driver collected extra cash. No one responding to the complaint. #patheticService #Cheated #noUber,order_delivery_issue
2265397,AskTarget,@AskTarget Thanks for reply. But I don't think ya'll be any help lol it is already in shipping process through whatever it is at lol so ya'll wouldn't be able to speed it up :/ i thought pre-ordering it meant i'd get it the day it came out. Guess i was wrong,feedback_praise_resolution
790859,SouthwestAir,@SouthwestAir Hi! Is there a way to see if I have refund money on confirmation numbers? I know I've rebooked flights at a lower cost!,subscription_cancellation_refund
2987924,ArgosHelpers,"@ArgosHelpers ordered items for same day delivery between 14:00 and 18:00, 22:30 and still nothing, phoned customer services twice to try and amend the delivery address as I made a mistake booking but apparently they don’t have a number for the driver? What is going on?",order_delivery_issue
1546140,SouthwestAir,@SouthwestAir Didn’t even serve drinks on the flight either 😒,flight_travel_disruption
1550418,British_Airways,@British_Airways Yes flight was busy but issue I have is selection process to hand bags in ? If you refused they wouldn’t take but we’re rude and insisted me,flight_travel_disruption
8551,AppleSupport,@AppleSupport ya.lately my screen was disfunction for touch after its been restart. i couldnt enter passcode yet homebutton still figureout my fingerprint,technical_hardware_software_bug
1543344,AppleSupport,iPhone activation issues. Smh. @115858 @ATT @AppleSupport any eta on the fix?,account_access_security
2986001,AskLyft,"@2275 @AskLyft when your drivers refuse to complete pick-ups and demand that we cancel, we aren’t charged a cancellation fee, right?",billing_payment_dispute
2263204,AskPlayStation,@AskPlayStation I have a huge issue. someone stole my password and login a while back before i created my 2 step security login info and made my account primary on thier consle. i didnt notice until i tried playing COD WW2 with my fiancé. Is there anything that can be done?,account_access_security
787522,AmazonHelp,@AmazonHelp entire day passed by and no delivery yet. This was to be done yesterday morning. PATHETIC,order_delivery_issue
1549475,AppleSupport,"EVERY recent @115858 update BROKE the device I put it on, including 10.13.1. Issues I haven't had since 10.11 are back now. @AppleSupport",technical_hardware_software_bug
4356,Tesco,@Tesco food delivery due between 9-10pm. Still not arrived. Customer services did not answer call. Services now closed. What should I do? https://t.co/xSuRPWAivN,order_delivery_issue
5640,CoxHelp,"@CoxHelp hello, curious when the outage is expected to be resolved for the 02919 area code",service_outage_connectivity
1551352,AppleSupport,"@115858 ever since I️ updated my phone to iOS 11.1, there are question marks in a box when I️ type certain letters",technical_hardware_software_bug
1991,TMobileHelp,@TMobileHelp @115913 @116154 So you @115913 know! been trying to chat but your team is asking for a pin or password I don’t have. Making me feel like you don’t want me back,account_access_security
2269938,AlaskaAir,#IFlyAlaska Thank you Kathy in customer support for getting me home a day early 2 take care of my family emergency. You heard and helped.,feedback_praise_resolution
5821,AppleSupport,"Dear @AppleSupport this new update sucks ,I have too many problems with my phone now ! Blurry screen , black screen , frozen phone !",technical_hardware_software_bug
736,AppleSupport,Thank you @AppleSupport I updated my phone and now it is even slower and barely works. Thank you for ruining my phone.😤,feedback_praise_resolution
787460,Morrisons,Finally a bit of good news for once! Thank you @Morrisons 🎉 https://t.co/LZnEbWHWj3,feedback_praise_resolution
2269253,XboxSupport,@XboxSupport how do you watch This Week on Xbox with the fall update?,technical_hardware_software_bug
2267746,Delta,@Delta Thanks. We certainly expect a full refund of the money we paid for our “upgrade” and award miles as well. Also cost of hotel for our delay.,subscription_cancellation_refund
2264144,AmericanAir,American Airlines...I’m pretty frustrated with y’all right now. Flight delayed from 9:04 to 12:54 AM w/passengers waiting on the plane? Told not to use lavatory. Refueling? Maintenance issue. Ugh. @AmericanAir,flight_travel_disruption
7763,VerizonSupport,@115722 the update with @117310? Already charged for my subscription it’s a bit ridiculous to ay for cable and have to pay more,billing_payment_dispute
1551620,AmazonHelp,@AmazonHelp It was shipped by amazon,order_delivery_issue
2986305,AirAsiaSupport,"@115802 @AirAsiaSupport @14335 Is the flight for Bali on 29th at 12.50AM is live?
Your customer care response is like your flight fare advertisement..cheapest in the industry.
They dont even bother to take calls not only from us but from your own office staff. https://t.co/Y77tmoq6D1",flight_travel_disruption
790302,AmericanAir,"Thank you again, @AmericanAir. Always a pleasure. SYD>LAX>CLT https://t.co/uZhZjPFIvM",feedback_praise_resolution
2269320,SouthwestAir,@SouthwestAir Paid $80 extra to board in the A group for my flight from MCO but didn’t get to use it..anyway to get my $ back,flight_travel_disruption
2268124,GWRHelp,"@GWRHelp Yes, we went to the buffet car and everything we asked for was out of stock.",product_inquiry_availability
788416,AppleSupport,@AppleSupport iPhone SE iOS 11.0.2,technical_hardware_software_bug
672,AmazonHelp,"I'm NEVER using Amazon again! After waiting in all day as item is ""out for delivery"", they've only gone and sent it to the WRONG COUNTRY!",order_delivery_issue
2980352,Ask_Spectrum,@Ask_Spectrum Outage in 91722 again?,service_outage_connectivity
2981137,comcastcares,@115900 having trouble getting my verification code to finish setting up my account. Please help.,account_access_security
5333,comcastcares,"@ComcastCares
#mobile_CareXI no internet all day again, third day with issues. What is your solution?",service_outage_connectivity
784818,VirginTrains,"@VirginTrains OK, fab, will do, just wanted to check. Thank you!",feedback_praise_resolution
1543333,AppleSupport,"""Could not activate iPhone"" @AppleSupport plz fix your servers",account_access_security
2263390,AskPayPal,Thanks @115993 @AskPayPal for having me on hold for 45 minutes.,complaint_poor_service
2267188,AirAsiaSupport,@AirAsiaSupport I dont want to amend the name. I want to change the flight date. My booking number is LW3R2U,flight_travel_disruption
8009,comcastcares,"@ComcastCares
#mobile_CareXI no signal on my modem, please fix.",service_outage_connectivity
2264775,SpotifyCares,@SpotifyCares Thank you for the reply!,feedback_praise_resolution
1546502,sprintcare,@sprintcare I wanna activate my my phone. This is sooooo stupid. I’ve been trying all night,account_access_security
789168,Morrisons,@Morrisons do you sell Yorkshire tea loaf cake that's sold in cafe in bromsgrove please. It's lovely. Thanks x,product_inquiry_availability
2981700,British_Airways,@British_Airways I am flying tomorrow from LHR to Philadelphia flight BA 1588 when I try to check in online it says the flight is operated,flight_travel_disruption
787518,AmazonHelp,"2 days late on paying extra for 1 day delivery, still the product is nowhere to be seen @115850 @AmazonHelp HORRIBLE service & experience",order_delivery_issue
2264233,AmericanAir,@AmericanAir thanks for a great flight. The entire crew was excellent from boarding to arrival in Miami. #Fl2193 ORD-MIA. #Loyal2AA #serviceMatters #25A #rewardgoodemployees,feedback_praise_resolution
2269999,AppleSupport,"@AppleSupport ever since I bought my iPhone X, my iMessages on my iPad are sent from my email and not phone number. How do I sync these back up? Thanks for your help!",feedback_praise_resolution
6438,CenturyLinkHelp,@116072 I was on hold for 46 minutes and no one could help me! SHAME!!!! https://t.co/gb2nYeUmcZ,complaint_poor_service
11131,AppleSupport,Is anyone doing bug fixing @115858 anymore? I have a whole zoo of them on my iPhone and iMac that could be tamed!,technical_hardware_software_bug
2263937,Delta,"Finally onboard this @delta flight homeward bound to LAX, after a 2+ hour airport shutdown at… https://t.co/PkgF4nIkgL",flight_travel_disruption
2266561,Uber_Support,#thanks @115877 almost $12 for not even half a mile delivery on an order that is normally $4. I get delivery fees that's fine... https://t.co/Tpoiv4Dwjb,order_delivery_issue
9466,SouthwestAir,#LookingBack Bags are packed!Tomorrow we hop on a @SouthwestAir flight headed for Washington D.C. #EOYDCGoes DC College Tour 2017 you ready? https://t.co/wLEoRNd2e2,flight_travel_disruption
1547868,AmazonHelp,@AmazonHelp Why should i contact the seller? I'm ordering this product from your site. You should be responsible to provide me proper tracking facility.,product_inquiry_availability
2269795,Uber_Support,"@Uber_support 
How much will I be charged for 2 Person in POOL? And how to select no. Of person while booking??",billing_payment_dispute
790705,Delta,@Delta Loving Sky Priority! Thank you! 🇺🇸💙,feedback_praise_resolution
2984812,UPSHelp,"@UPSHelp WHAT?! IS?! THIS?!
this is how our package arrived at our door, & the employee (not the driver) smiled & waved as i was just staring at the box. i turned my back to show my husband, & the truck was gone. we had no chance of stopping them. this is completely unacceptable. https://t.co/qj23vQqxvk",order_delivery_issue
2266250,Tesco,"Hello, I just bought some ready to eat Barbecue chicken drumsticks from leicester Narb rd Tesco and they were frozen so not very ready to eat at all. Can you let them know and advise how to get a refund as they will be thawed by the time I can go back. Thanks. 
@Tesco",subscription_cancellation_refund
1850,Delta,@Delta Bummer! I promised them some info and in my hurry to get to my next flight forgot to leave my business card 😩,flight_travel_disruption
784,Uber_Support,"1 hour+ inside an old Altima that smells and has ripped stain seats, with an inexperienced miami driver @115873 standards down now 4 applying!",order_delivery_issue
785974,GWRHelp,@GWRHelp also given up on customer support for their high paying season ticket holders. I asked at the station and they sent me here. Now sent back to the station. No compensation for cancelled and delayed trains. https://t.co/6ZRi0yDbuM,flight_travel_disruption
2269358,AmazonHelp,@AmazonHelp here is what gets generated. No pricing information https://t.co/ha5d5NJhRs,billing_payment_dispute
791218,VirginTrains,@VirginTrains why aren't your customer services taking calls currently? How can I opt out of automatic delay repay?,flight_travel_disruption
2264039,XboxSupport,@115786 @XboxSupport Fix your shit. I cancel an UPDATE and my entire game gets deleted?!? Are you serious? WTF,technical_hardware_software_bug
2980364,ChipotleTweets,@ChipotleTweets thanks for the boorito....Lucille loved it #WalkingDead #negan https://t.co/R6X9aLL3e4,feedback_praise_resolution
10760,UPSHelp,@UPSHelp I cannot change my delivery and this is the third attempt. Can someone contact me because I don't want my package going back to the sender!,order_delivery_issue
3435,AskPlayStation,"@AskPlayStation my ps4 software is stuck on 5.00 but i can still play online, i've been trying to update it to 5.01 but everytime it says the file is corrupted i've tried deleting and retrying, safe mode, restarting my ps4 and still i get file is corrupted.",technical_hardware_software_bug
792229,SpotifyCares,@SpotifyCares 6S ios 11.1 (it happened even before I updated),technical_hardware_software_bug
9030,CoxHelp,"@CoxHelp no internet service since 10/29. 2 days straight Cust. Service gave estimated restoration times, now they say they just don’t know",service_outage_connectivity
1550419,British_Airways,Horrific flight 1336 NCL llate and took my bag off me at gate 4th flight in 3 days with same bag been told I’m a liar @British_Airways,flight_travel_disruption
2436,Uber_Support,Hi @Uber_Support I have a problem with a cancellation fee I was charged but the case fits none of the options. How can I report i this?,billing_payment_dispute
791234,Safaricom_Care,"@Safaricom_Care This is not acceptable, it's not a software issue or bug, just refund my money. How long does that take? Another 20hrs??",subscription_cancellation_refund
2263507,AppleSupport,"@AppleSupport Hey, thanks for the response! When I️ turn on my MBP it has a grey screen that either shows 🚫 or freezes up when I️ input my password",account_access_security
2980621,AppleSupport,This stupid Apple update has ruined the friendship... my phone is freezing @115858 @AppleSupport,technical_hardware_software_bug
786763,AmazonHelp,@115850 need a callback urgently reagarding my amazon account hacked,account_access_security
2263896,Delta,"@Delta I paid for preferred seating, but am still in zone 3. Does it not give you priority boarding?",flight_travel_disruption
1548931,TMobileHelp,"@115817, Thanks for losing my IPhone X from @115911. Not sure why you would deliver it to a random place other than my apartment?#alwaysfedex",feedback_praise_resolution
2987460,O2,@O2 had hardly no signal all day one bar if lucky what’s going on what am I paying for?,service_outage_connectivity
2983444,UPSHelp,"To my driver who has my @115817 route for Carlton Way, Thanks for taking good care of my dearly departed Kougar. She recognized the sound of your truck and would bark to get outside for the treats you gave her. I will always appreciate your kindness to her.",order_delivery_issue
2980480,Ask_Spectrum,So playstation decided not to auto update cod and my internet is getting throttled by @115955 again. Last time those idiots claimed I paid for 2 down 1 up.... confused on how thats even a package. Then guy never responded when I ask if he was bsing me. https://t.co/TelEjFuVzv,service_outage_connectivity
9969,SouthwestAir,Thank you @79613 for the best bday gift ever! A weekend at @645 ! And the Best empty @SouthwestAir flight home! https://t.co/nSSSgQ86Er,feedback_praise_resolution
1551499,AmericanAir,"Just when @AmericanAir was primed for an on time flight, we're now 8 min past departure and door hasn't opened. Still no announcement.",flight_travel_disruption
2981742,Ask_Spectrum,@Ask_Spectrum I have been trying to send this tweet for half an hour waiting for my internet to come back to life. I can say with 100% certainty it’s at least not my router. Can I xchng it with a local store or do I have to go through a tech visit?,service_outage_connectivity
2986455,AmazonHelp,I'm wondering why @115821 is such a dumpster fire when it comes to deliveries lately? Two lost and delayed packages in as many weeks. Two day guaranteed delivery my ass. #weexpectmorefromyou #yourenoteventryinganymore #wherethehellismystuff #yourcustomerserviceisajoke,order_delivery_issue
2264369,AmericanAir,@AmericanAir what’s going to happen with the MCO flights? Will they be delayed or cancelled completely?,flight_travel_disruption
1360,ChipotleTweets,"@ChipotleTweets I'm not frustrated, just sad. But thanks for the compassion.",feedback_praise_resolution
2265336,TfL,"@TfL hello, incorrectly charged up to £15 in contactless fees. This is because I switched between card and Apple Pay. Please advise",billing_payment_dispute
1544951,AppleSupport,@AppleSupport thank you!! is this just like a weird bug with the latest iOS update?,feedback_praise_resolution
1546030,AmazonHelp,@AmazonHelp Thanks for your prompt reply. I have filled that form. And sorry to share the order number here. It will not be repeated.,feedback_praise_resolution
1547537,UPSHelp,@175600 @156471 So I stalked @115817 system and found my tracking # before Apple 🍎 released it to the system. #iPhoneX is on the way! https://t.co/7wRLgBCxbC,order_delivery_issue
1549541,Tesco,"@Tesco what have you done with online site, its terrible. I shop every week, new site is a pain, had to delay delivery, it doesn't work!",order_delivery_issue
2981212,AmericanAir,@AmericanAir please don’t make this 2 years in a row of a cancelled Christmas flight. @Delta hope you’re ready to save the day again!,flight_travel_disruption
2266330,Ask_Spectrum,@Ask_Spectrum any particular reason the internet in Cincinnati has been slow or outright off all day? Reset the router multiple times.,service_outage_connectivity
2980259,AppleSupport,@AppleSupport Apple. Fail to understand why my iPhoneX freeze. Complete blackout screen. Hv to reset the phone repeatedly now. I hv the latest update of ios,technical_hardware_software_bug
1551449,Tesco,@Tesco I was told I wouldn't receive my delivery any later than today yet it is not here.,order_delivery_issue
1548250,AmericanAir,When @AmericanAir doesn’t have a plane or a crew for flight that was supposed to leave at 10 😑😑😒,flight_travel_disruption
2270251,Ask_Spectrum,@Ask_Spectrum What is the extent of your outage in 12186? What is estimated restoration time? Specifically how many resources are working on this? #spectrumoutage #nyspsc,service_outage_connectivity
2983400,Ask_Spectrum,"@Ask_Spectrum 93535 (Lancaster, CA) internet has been cutting in and out for the past week. Today it is now completely turning off and taking minutes to reboot. Power cycle router and nothing. What’s going on?",service_outage_connectivity
2985888,British_Airways,"One hour and fifty-five minutes to check in for flight BA48 Seattle-London. And we were at the front of the queue. Truly, truly awful @British_Airways #BritishAirways #badservice 👎🏻✈️🇬🇧",flight_travel_disruption
2266674,Uber_Support,@Uber_Support Was taken care of - thank you,feedback_praise_resolution
2984541,AppleSupport,"I've had nothing but problems with my @115858 iPhone since the update. For the price of these devices, this is completely unacceptable.",technical_hardware_software_bug
1544900,ArgosHelpers,.@ArgosHelpers are acc really really awesome and helpful for trying to help you out with issues; kudos to you guys! ❤️,feedback_praise_resolution
1546777,Delta,"@Delta Thank you for your reply, my confirmation was HJMVJX",feedback_praise_resolution
1546647,AmazonHelp,@AmazonHelp I've gotten it and it works now so thank you,feedback_praise_resolution
790282,Delta,"this is poor service @Delta , I have a connecting flight that i’ve now missed",flight_travel_disruption
2985147,Ask_Spectrum,@Ask_Spectrum Is there an internet service outage in northern Manhattan? Cause my internet is out.,service_outage_connectivity
2264917,sprintcare,@sprintcare Have been trying to get something off my bill since May. After 5 phone calls and being told it would be fixed I️ am still being over charged every month. Last week a supervisor was suppose to call me but never did.,billing_payment_dispute
790964,GreggsOfficial,@GreggsOfficial hi do you sell Sausage Sandwiches all day if so how much?,product_inquiry_availability
1550619,VirginAtlantic,@VirginAtlantic Thanks for your text about VS23 tomorrow. I'm confused as to why the aircraft cannot be catered in London - its origin?,feedback_praise_resolution
2984822,comcastcares,@comcastcares is there another outage?,service_outage_connectivity
791733,SouthwestAir,@SouthwestAir Thanks! I can login on my app but it isn't letting me add my wife's name to a flight I want to buy her w/ my points. Is this an app thing?,flight_travel_disruption
2266863,AmazonHelp,@AmazonHelp Had yet ANOTHER delivery driver thumping on our door with his fists tonight. Scared us both half to death! We have a working bell!,order_delivery_issue
1549283,AirAsiaSupport,"@AirAsiaSupport hello, i've booked flight tix but how can i change the passanger name? Pls helppp. Thanks.",flight_travel_disruption
678,AmazonHelp,My package from @115821 with my Halloween costume was “delivered” Friday but I don’t have I so searching everywhere for a last minute idea.,order_delivery_issue
786581,AmazonHelp,@115830 unrequested delivery address change. Help!,order_delivery_issue
790251,AppleSupport,@AppleSupport the new OS did not fix the issues with the 6 screen sensitivity.,technical_hardware_software_bug
2635,AppleSupport,"@115858 Just updated iOS on iPhone7, now iCloud backup greyed out, cannot be turned on, says “Last Backup Never”",technical_hardware_software_bug
2987799,SouthwestAir,"@SouthwestAir Icing on the cake was flight was 1/2 full. If I had a negative comment coupon to give, I would. Make some of those for your “loyal” traveler",flight_travel_disruption
2264320,AmericanAir,@AmericanAir gate agent at lga flight 3473 said you don't board passengers w/ children for pre boarding. Wow how family friendly of you. https://t.co/TaAMROqsXJ,flight_travel_disruption
3236,Delta,@Delta I checked in for my flight that’s tomorrow and I was moved seats. I was originally on the aisle. I’m hoping you can help?,flight_travel_disruption
8128,British_Airways,@British_Airways I’m campaigning for the refund on the money you stole from me over 2 months ago 🔫,subscription_cancellation_refund
11079,AmazonHelp,"I'm thinking that @115821 tracking is total fiction - package has been ""Out for Delivery"" for 2 days & hasn't arrived. 3 days late.",order_delivery_issue
4864,AmazonHelp,"Hey @115821, maybe don't ask people to pay $8 for ""launch day arrival"" if you're not going to ship the package until the day after launch!",order_delivery_issue
2987007,Ask_Spectrum,@Ask_Spectrum Is there an outage in Missouri?,service_outage_connectivity
2983227,idea_cares,"@idea_cares In idea store they charged rs 100 for switching 
What should i do .idea store ashok nagar Hyderabad.",billing_payment_dispute
4794,Ask_WellsFargo,@Ask_WellsFargo Can I still get my money back if I have proof that there was a card read error and I was double charged for something but when I filed a claim I was told I was a basically a liar?,billing_payment_dispute
2981609,AmazonHelp,"So two colleagues were expecting @115830 orders today, delivery expected, TODAY. And the tracking showing that it was enroute...",order_delivery_issue
2266717,AmazonHelp,"@AmazonHelp (I assume the ""temporarily out of stock"" notice was why it is late, but the lack of information - and still completely incorrect information on the arrival date - is ridiculous.)",product_inquiry_availability
2267154,AirbnbHelp,"arghhh, @115783 just overcharged my reservation by 80 per cent #NotHappy",billing_payment_dispute
2986560,UPSHelp,Shipped a care package of American snacks to German friends via a @115817 franchise. Told them the contents & asked whether we could ship it. They said yes and charged us. But German customs refused it and now the @115817 franchise and their corporate office both refuse to help us.,billing_payment_dispute
1549415,AmazonHelp,@AmazonHelp is there a reason I'm still getting charged every other month for Amazon Prime even though it's been canceled for months? https://t.co/eSRWLFnxiB,billing_payment_dispute
2264674,TMobileHelp,@TMobileHelp Cool thanks for letting me know. We were kind of worried.,feedback_praise_resolution
1549515,Uber_Support,@Uber_Support my driver never turned off the ride! Help! https://t.co/HqUKe22Lhc,order_delivery_issue
2268702,SpotifyCares,"@SpotifyCares Spotify consistently stops working with the keyboard media buttons (play, pause, next, prev) on mac OS. Spotify 1.0.67.582.g19436fa3, macOS 10.13.1 (17B48). Media buttons work again on restart, but stop after a while.",technical_hardware_software_bug
2264304,AmericanAir,As big as DFW airport is and @AmericanAir can’t find an open gate for our arriving flight? Typical AA crap...,flight_travel_disruption
2264257,AmericanAir,"Dear @AmericanAir, I would appreciate it if your crew made it on time to work especially for a flight this late. I would like to get home😤",flight_travel_disruption
4780,Ask_WellsFargo,@116827 you guys blocked my card for 3 days after i asked not to and now i've been on hold for 3 hours!! i need to use my card now,complaint_poor_service
10974,AskPapaJohns,"@AskPapaJohns Order #556073124. Ordered my pizza and hour ago, on the tracker it says delivered. Didn't get anything. Can I get a refund?",subscription_cancellation_refund
792723,AmazonHelp,"@309029 @AmazonHelp Right Sam, I think Prime members should be exempt from Hermes shipping, to be honest. Sure Amzn have metrics on on-time delivery for them.",order_delivery_issue
1549478,AppleSupport,Dear @115858 #update I️ isn’t i!!! 😡😡 #getittogether,technical_hardware_software_bug
791487,AmazonHelp,"@AmazonHelp Ya , bt the product is left the delivery station n now on the way for main station @AmazonHelp",order_delivery_issue
2266459,ATVIAssist,@ATVIAssist No worries and Thank You,feedback_praise_resolution
2983552,AskeBay,"@115937 you remove items I have paid for, no refund, no way to contact sellers or EBAY to find out what's going on, because there is no category for you took my money and canceled my orders. Help desk says email was sent explaining, no email. I'm done with eBay.",subscription_cancellation_refund
6905,JetBlue,Just boarded on our way to @362 !!! Thank you @JetBlue #laketahoe https://t.co/zmV2fhhGRh,feedback_praise_resolution
786062,VirginTrains,"hey @VirginTrains! Mon afternoon went from Glasgow to London Euston. Used the train wifi, but was charged twice! May I ask for a refund? :)",billing_payment_dispute
787071,Tesco,"@Tesco They were adamant that they do nothing of the sort.
If I go and the item is still out of stock can I go to CS and get the voucher? Thanks",product_inquiry_availability
1548864,AskeBay,Person who won my item on @115931 is now saying their @115993 has been hacked they’ve been told by PayPal that it’s going to take a month before it can be sorted. This sounds like a fishy excuse. What do you think @AskeBay @AskPayPal?,account_access_security
1545320,comcastcares,"@comcastcares I actually DMed you some time back with that information during an outage, and never received a response. Also I've been over these issues..",service_outage_connectivity
2266085,AppleSupport,@AppleSupport @129941 what is the deal w pandora crashing several times a day on IPhone 5?,technical_hardware_software_bug
791032,AmazonHelp,@AmazonHelp @115850 my order has arrived in lucknow since last 2 days but no call or message has came regarding delivery.kindly lookout https://t.co/sEc9JCzgq8,order_delivery_issue
10989,UPSHelp,"@115817 is now 3 hours past my 2 hr ""confirmed delivery window"" for 2nd Day Air medical supplies. Next order, I will demand another shipper.",order_delivery_issue
2985594,sprintcare,#ThatMomentWhen you’re wondering why tf your phone service is being crappy af and then you open google to find the first news headline “@115714 outage? Here’s what you need to do!” 😢 Ugh... #FirstWorldProbs,service_outage_connectivity
6911,AmericanAir,@AmericanAir Will it be complimentary or charged the 25$ or however much it Is?,billing_payment_dispute
2271167,Delta,Delay in Nashville wasn’t @Delta issue but airport issue. Flight was ready to go 10 Min early. I’m pretty sure it was a Russian interference.,flight_travel_disruption
3541,XboxSupport,"@116549 hi guys, have a weird issue where the Xbox is causing issues with my TV, transitioning from apps can sometimes make the screen show a distorted image, and I have to power cycle to get it back to normal 😐",technical_hardware_software_bug
8,sprintcare,@sprintcare is the worst customer service,complaint_poor_service
789324,Delta,"@Delta -had to cancel Vegas flight and rebook--your team's professionalism only outdone by it's courtesy. Thx to Rachel, Monique, and Eric!",flight_travel_disruption
784360,AmazonHelp,"@115850 
harassment of customer is your duty!! products get damaged before delivery!!!
Height of irresponsibility
worst service ever!!!",order_delivery_issue
784301,SW_Help,@SW_Help Will we be consulted about future fare increases to?,billing_payment_dispute
791784,VirginTrains,"@VirginTrains Thank you, it's the 10:09am train from Wigan North Western to London Euston, I will be getting off at Euston. Thank you!",feedback_praise_resolution
7079,comcastcares,@116136 Too bad they are stuck with the worst customer service,complaint_poor_service
2269950,AppleSupport,"@AppleSupport Can’t activate it. Sprint shows the phone is active in their end, but I can’t get past the activation screen on the phone itself",technical_hardware_software_bug
2264798,SpotifyCares,"@SpotifyCares You need to clearly define for family plan- Step 1. Send invite, step 2. Have family member create used id and password onsite first, step 3. Family member accept invite. Better yet, automate family account creatation via invite. Sheesh.",account_access_security
1549188,UPSHelp,@UPSHelp How late do the delivery trucks stay out?,order_delivery_issue
2271074,ArgosHelpers,@ArgosHelpers I bought this chest of drawers a month ago and it’s falling apart. Am I able to get a refund or replacement please? https://t.co/uYJqTt43Pt,subscription_cancellation_refund
2267344,AppleSupport,@115858 . The last update on my ipad has created a nightmare anytime I use my keyboard; deadly slow!,technical_hardware_software_bug
2986722,Ask_WellsFargo,IF YA'LL GET A CALL FROM WELLS FARGO SAYING THAT THEY THINK SOMEONE IS TRYING TO CHANGE YOUR PASSWORD AND THEY ASK FOR A CODE SENT FROM WELLS FARGO DO NOT GIVE THEM INFO. THEY WILL CLEAR YOUR BANK ACCOUNT,account_access_security
2980300,XboxSupport,"@XboxSupport Okay, thank you so much!",feedback_praise_resolution
9748,UPSHelp,Since when do I need to be home to receive a package from Amazon that has a T-SHIRT AND PJ PANTS IN IT?! @115817 @115821 😒,order_delivery_issue
1550224,TMobileHelp,I’m still wondering why @115911 @115913 were so shady on the pricing and process of the iPhone X on JOD..info was misrepresented,billing_payment_dispute
2269200,AmazonHelp,"@115850 My order is 408-3472755-6277934. Its was not delivered saying I have cancelled the it. It was a great deal for me, so there is no reason to cancel. It is now being returned. Therefore, it's my humble request to you as a good will, please resend the product. Thanks",order_delivery_issue
1761,AppleSupport,iOS 11 is killing my battery @115858. Fix it.,technical_hardware_software_bug
787392,Safaricom_Care,@Safaricom_Care . Do safaricom SIM cards cost ked 1100? Your agent Jkia charged that??,billing_payment_dispute
3109,AmericanAir,"@AmericanAir Despite flying w/ same from EWR, forced @ MIA to check guitar & charged $25. Not @ gate, B4 security. Flt not full. WHY?",billing_payment_dispute
5108,comcastcares,@comcastcares internet has been down for almost 30 mins now..,service_outage_connectivity
2264565,UPSHelp,"@UPSHelp Hi! I'm trying to update my address info., particularly the apt.# but I don't have the Correct My Address button available. The last update was 18mins. ago, and I'd like to add my apt.# to still be able to get my package today. Thanks!",order_delivery_issue
2986514,JetBlue,@JetBlue How can I get a receipt for cancellation fee? I tried to get receipt from website but it showed what I originally purchased. Thanks!,billing_payment_dispute
787333,AskeBay,"@115937 Even if you apply the gift card balance before sign in, it is removed and you can only pay using PayPal.",account_access_security
792163,AppleSupport,ever since i updated my phone to iOS 11 my wifi connection at home has been garbage. @115858 fix this!,technical_hardware_software_bug
8095,comcastcares,@115900 Thanks for having an outage in my area the entire game 7 of the World Series.. #bullshit #youowemebig,service_outage_connectivity
1549391,Uber_Support,@115873 hey Uber someone has hacked my account. Why would someone want to do that ?,account_access_security
2265374,AskTarget,@AskTarget And this was after I specifically asked them to put 3 packs on hold for me. Should not be this much aggravation for socks.,complaint_poor_service
3694,comcastcares,"@comcastcares Guys, it’s been a week continuously when your app says outage reported. And my internet connection keeps breaking up. Saying “Outage reported” is not enough. For a week!!!",service_outage_connectivity
790671,AppleSupport,@115858 @AppleSupport And latest update does not fix it,technical_hardware_software_bug
787334,AskeBay,Found a pretty bad bug on @115937 where if you have 2-factor authentication enabled on PayPal you can't apply a eBay Gift Card after sign in.,account_access_security
792138,AppleSupport,the new software update makes the flashlight lag. why though @AppleSupport,technical_hardware_software_bug
2986273,AirAsiaSupport,"@AirAsiaSupport hello, may I know how should I proceed with rescheduling my flight from Bali to Jakarta. My scheduled flight is today 1255.",flight_travel_disruption
2981077,Uber_Support,@Uber_Support Hi you guys charged me the full price of my trip last night when I got a receipt saying they took my Uber credit for the trip but really charged me/took my credit. I would like my Uber credit refunded.,billing_payment_dispute
735,AppleSupport,@AppleSupport I have the iPhone 6s Plus and just did the most recent update.,technical_hardware_software_bug
2983454,UPSHelp,"Dear @115817, if your driver isn’t gonna ring the doorbell before leaving a note maybe he shouldn’t be a driver for you.",order_delivery_issue
1543677,Delta,Really impressed with @Delta. Returned my gpa’s walker and bag he misplaced in separate places of the MSP airport within just over a day.,flight_travel_disruption
784775,Uber_Support,"@115873 why everytime I take à uber they either go buy some drinks, snacks or get some gas ? Aren't the driver supposed to run errands later ? https://t.co/9BrG8TtI8m",order_delivery_issue
10671,AppleSupport,"@AppleSupport So, since updating the latest iOS, Pages no longer lets me open any docs, all show, just don’t open. Suggestions? Anyone?",technical_hardware_software_bug
2266535,MicrosoftHelps,@MicrosoftHelps turned out to be the power settings. It does this on low battery,technical_hardware_software_bug
2982201,AmericanAir,"@AmericanAir hey guys, I just booked 2 flights from DTW to MAF for 1/5-1/8 and realized that I booked the return flight for 5am instead of 6pm (silly mistake). Can you help me change it without it costing $300? The prices of the tickets were the exact same.",flight_travel_disruption
2267338,AppleSupport,@AppleSupport this IOS 11 update has had 2 other updates and my phone still doesn’t work 50% of the time :///,technical_hardware_software_bug
2984260,Ask_Spectrum,"@Ask_Spectrum no internet in Carmel, IN. Is there an outage?",service_outage_connectivity
1655,GoDaddyHelp,@GoDaddyHelp Thank you!,feedback_praise_resolution
791471,PearsonSupport,@4166 Hello. Can you contact me by pm. I couldnt find an option for this on your twitter. Thank you,feedback_praise_resolution
1549458,AppleSupport,"@AppleSupport the New iOS is very bad, i loss WiFi connection when im close to the AP or im not have out to internet, i need help",technical_hardware_software_bug
1549702,AmericanAir,@AmericanAir flight delayed to miss connection back to London from Ohio - put on flight tomorrow but not seated together 🤦🏽‍♀️ not great 👍🏼,flight_travel_disruption
2987512,AskeBay,Hello! @115937 Have refunded my money via #paypal for the item which was purchased via credit card(visa)and its been a long wait to get it into my account..!what's wrong???,subscription_cancellation_refund
10892,VerizonSupport,"@VerizonSupport If I want to upgrade my tv package and my tv says it'll cost $30 more per month, will I get charged for Oct. if I upgrade today? Or prorate",billing_payment_dispute
784242,SpotifyCares,"Thank you, and will do. https://t.co/yXdV8NcNas",feedback_praise_resolution
2983894,comcastcares,"I’ve been on hold for 40 minutes. Woohoo! @ComcastCares
#mobile_Care",complaint_poor_service
2267369,GWRHelp,"@GWRHelp @nationalrailenq Problem. I want to use Rail Vouchers. But operator cannot sell me any advanced purchased seats. Yet website says 1st Class advanced single £58. She can only sell full fare £183!!
This CAN'T be right.",billing_payment_dispute
2984055,hulu_support,The new @hulu_support @115940 layout is so terrible I’m actually thinking about cancelling my subscription. It’s unusable.,subscription_cancellation_refund
2986540,Uber_Support,"Hi @Uber_Support - Last night the driver did not stop the journey and went on my expense to Gurgaon. Raised the issue in Uber app, no response. What’s your SLA?",order_delivery_issue
2270064,AppleSupport,why does my screen keep rotating on the home screen when lock is on ☹️ @13946 @AppleSupport,technical_hardware_software_bug
1544126,AppleSupport,"@AppleSupport if I were 2 be stranded on an island with this new update on my phone, I’d be shit out of luck within 25 mins. No battery life",technical_hardware_software_bug
2269710,Uber_Support,@Uber_Support your driver overcharged me by £80 and faked me being sick in the back of his taxi which is clearly porridge #Disgraceful https://t.co/zx9uMzeCBG,billing_payment_dispute
1544289,Ask_Spectrum,@Ask_Spectrum Our internet keeps going in and out and right now we have no internet so ya that’s our problem,service_outage_connectivity
2985283,SouthwestAir,"@southwestair I was in the phone/hold for 52 minutes this afternoon and finally hung up. Trying to get a refund/credit resolved. Who is the best person to talk to about this and get resolved quickly?
Thank you for your assistance. Sean Asbury",subscription_cancellation_refund
1775,AppleSupport,@AppleSupport @116102 Battery life just got worst.,technical_hardware_software_bug
2981642,AppleSupport,@AppleSupport still no haptic feedback on iPhone keyboard 📱 after new update. ??? Has this been disabled.,technical_hardware_software_bug
2264029,XboxSupport,@115786 @115890 @XboxSupport Bug report: Xbox One X. Sometimes switching to and from HDR content will cause massive wash out of colors or INTENSE colors. Any input?,technical_hardware_software_bug
1547901,AmazonHelp,@AmazonHelp @115850 irrelevant msg... You are apologizing for a delivery yu have already completed... What's happening Amazon??? https://t.co/RxmOkMNCYD,order_delivery_issue
784400,Uber_Support,@Uber_Support Uber driver came through! Hooray! Thank you!,order_delivery_issue
2263178,AskPlayStation,"@AskPlayStation my WW2 keeps crashing because of ""corrupted data"" I've reinstalled 4 times and I get the same problem I just want a refund at this point",subscription_cancellation_refund
1546226,Delta,"@Delta If I booked a car using Delta miles in marketplace, how do I find a record of my booking? U can find flight trips, not car bookings.",flight_travel_disruption
8098,British_Airways,Booking a flight to Dubai via @British_Airways and finding out afterwards Dubai won't give visas to the nationality we booked for. Helpful.,flight_travel_disruption
2268754,marksandspencer,@marksandspencer Smoked haddock chowder 🍲 thank you M&S for the best dinner ever 👍 #winterfood #happytummy 😃,feedback_praise_resolution
2984342,CoxHelp,@116021 @CoxHelp 3 Times in this whole month my internet has gone down because of an “outage or maintenance.” Smh what a let down on their internet service,service_outage_connectivity
1548050,Uber_Support,"My uber driver deadass looked at me waiting on the side of the street, kept driving & said he completed the trip so I was charged. I'm livid",billing_payment_dispute
2263597,hulu_support,Thank you so much @hulu_support I'm back in business! https://t.co/lmIulnP4IU,feedback_praise_resolution
2270964,sainsburys,@sainsburys getting hacked off with ordering food and it gets delivered on the 24th at 6pm and then I’ve got to eat 2 lots of meat by the 25th🙃🙃🙃🙃,account_access_security
3770,AppleSupport,@AppleSupport this is my top bar every time I open messages on my SE after updating to iOS 11.1 https://t.co/Lzge3qzc7w,technical_hardware_software_bug
2984645,AmazonHelp,"@AmazonHelp After talking to 3 customer service reps, in which one was a reorder fiasco. He was told that since the seller (Amazon) does not have any in stock there is no replacement. Can't he return it and someone leaves a note that says he gets a replacement when it is back in stock?",product_inquiry_availability
1544572,AmazonHelp,@AmazonHelp Yes and now you changed the delivery time frame. https://t.co/KwoF8BhCYy,order_delivery_issue
790680,AppleSupport,@AppleSupport Nevermind. I got the newest update.,technical_hardware_software_bug
1548439,hulu_support,@115940 @115888 started a $5 partnership. charged me $10 this month. I canceled for next month and dey wont let me enjoy the month paid. thx🖕,billing_payment_dispute
789029,AmazonHelp,"@AmazonHelp My frustration stems from not being able to change my email address and password once compromised. Apple & Google can, @115821 can’t...",account_access_security
792566,AskPlayStation,@AskPlayStation my psn account has a 2sv on it but my phone lost and i cant log in how can i solve this ?,account_access_security
1546833,sprintcare,@sprintcare 3 hours and no activation. iPhone X says zip and pin incorrect but rep agrees it’s ok. Thanks @115714 for a great Friday night!,account_access_security
2266065,AppleSupport,"Hey @AppleSupport , did the latest version of Pages for Mac eliminate the ability for collaborators to see each other typing live? It seems to now only update when one of the people saves.",technical_hardware_software_bug
11139,AppleSupport,@AppleSupport I get prompted for a system administrator password on a MBP MacOS but there is no system administrator account I’m aware of!! https://t.co/M1DbEkDzaS,account_access_security
2984398,Ask_Spectrum,"@Ask_Spectrum Internet outage in NYC, estimate on when it'll be fixed?",service_outage_connectivity
2113,sprintcare,@sprintcare I called customer care when I tweeted this and they said double charge would be credited. Still no credit.,billing_payment_dispute
5028,SpotifyCares,@SpotifyCares Doesn’t show in lock screen. Can’t adjust volume of phone isn’t unlocked also.,technical_hardware_software_bug
2981917,AmazonHelp,"@AmazonHelp Hi, for Prime discounts on video games, are they only applicable for pre-orders or are they also applicable for new games within two weeks from the release date?",product_inquiry_availability
2986574,AppleSupport,"@AppleSupport It’s locked for 48 years. That’s the issue. It was fine when it died then when I charged it, it became locked for 48 years.",billing_payment_dispute
2269264,XboxSupport,"@XboxSupport Hi, I'm facing this problem with my Xbox One, message code: 0x80040506
The screen suddenly became black!
Help me please!",technical_hardware_software_bug
2265785,SouthwestAir,"Crazy day @126260 thanks to @116961 airlines we made our flight on @SouthwestAir , disappointed in @SouthwestAir customer service but amazed by @116961 airlines",flight_travel_disruption
4051,comcastcares,"Hey @115900 my password is saved on my laptop, my internet isn't working, and I can't check outages without signing in.. weird way to do it",account_access_security
1544340,UPSHelp,"Had wonderful customer service from @9414 they rushed shipped a shirt for me, but because of @115817 I’ve yet to receive it weeks later...also no updated shipping date and I can’t get help online. So bummed.",order_delivery_issue
6930,AmericanAir,Kudos to the @AmericanAir pilot that had the smoothest landing I’ve experienced,feedback_praise_resolution
8756,SouthwestAir,It pays to read the fine print. Well done @southwestair. And thank you! https://t.co/9xo45LgcA9,feedback_praise_resolution
2980174,AskCiti,"@127271 watch out folks, bestbuy and more specifically their finance company Citibank has horrible customer service! Talking to Citibank is like talking to a robot. Every third word is “policy” and nobody seems to have a supervisor! The are passing on a $1799.00 sale to collect",complaint_poor_service
2264291,AmericanAir,Thanks for the 3-Hour delay @AmericanAir ... oh and that 1 delay on the tarmac to boot. #killinit #theworst #moneybackplease,flight_travel_disruption
787706,AmericanAir,"@AmericanAir I rebooked with another airline, thanks for the ""help"" and ""effort""",feedback_praise_resolution
2269446,Tesco,"@Tesco Ah that's a shame, thank you for responding!",feedback_praise_resolution
1549185,UPSHelp,@UPSHelp still waiting this is ridiculous says my package arrived in secaucus at 9:24 pm but no where to be found here? Help help help!!!!!!,order_delivery_issue
2269793,Uber_Support,"What is the point of @Uber_Support star-rating and feedback sys when you leave a negative review, and get the message ""this response will not be delivered to the driver."" Maybe I'm wrong, but I thought that was the entire point of the star rating.",order_delivery_issue
7980,UPSHelp,@UPSHelp Could you please shed light on 1Z5776W10491633299? It is due for delivery today but hasn't budged since last week. Please advise.,order_delivery_issue
1550847,Delta,@Delta twice tonight you've had me wait on hold for over 2 hours each time just to have your team drop my call.,complaint_poor_service
786836,Uber_Support,WORST experience with @115877! I will never order from there again. Overcharged! Called 3 times only to be told it’s 3-5 days for refund.,billing_payment_dispute
790727,Uber_Support,"@115873 Why dot I get charged for drivers that there time, go the wrong direction, just getting out of bed, or just stalling For me to cancel?",billing_payment_dispute
1549279,AskPlayStation,"@AskPlayStation $300 console, 6 hours since I bought it, web""help"",""live"" chat help. ZERO emails received to reset password, Cant play #$!@",account_access_security
2987018,comcastcares,@238353 Something similar happened to my home router. It had somehow reset to factory settings and a neighbor jumped on downloading movies.,service_outage_connectivity
789589,GreggsOfficial,@GreggsOfficial if you use your reusable cup is a large latte supposed to be £1.90? Just been charged full price!!,billing_payment_dispute
1523,AskeBay,@AskeBay I have contacted seller but my question to you is when will I receive my product. Your customer service says may be the awb no. is wrong.,product_inquiry_availability
1549152,Ask_Spectrum,@Ask_Spectrum Thank you. My question is -Why am I only allowed to receive internet at $44.95 if I purchase the bundle? But if I choose to receive internet only -it will cost me $140.00. Why can I not receive ONLY internet services at the $44.95 rate w/o being forced into a bundle.,feedback_praise_resolution
2271241,Delta,"@Delta I was wondering what happened to the 15,000 miles I was told will receive for having a malfunctioning internet during my flight from SJC to ATL last 8 Nov. The FA keyed in my sky miles number but nothing, can you provide update. Thanks!",flight_travel_disruption
1525,AskeBay,"@115937 Estimated delivery Wed, 25 Oct - Fri, 27 Oct
You have paid using PaisaPay on 21/10/17. 
but i havent received it yet on 1/11/17.",order_delivery_issue
1550308,AppleSupport,iOS 11.0.3 is the worst update in recent memory @AppleSupport. Major performance dip on 6+,technical_hardware_software_bug
1546799,TMobileHelp,@TMobileHelp Nooo. I enrolled in fingerprint login. I then opened the app days later and logged in w/ fingerprint and then was prompted for password.,account_access_security
2268747,sprintcare,@115714 Has the worst customer service I've ever experienced lol,complaint_poor_service
2983402,Ask_Spectrum,"@Ask_Spectrum Thank you. Mike and Mike, well played boys!",feedback_praise_resolution
1549953,AppleSupport,@479729 That question mark gonna drive me crazy if @115858 doesn’t fix that bug by the time my phone shows up.,technical_hardware_software_bug
2568,AmazonHelp,"Hey @115821, why is your Prime 2-day delivery not arriving until Monday? Is there a holiday I don't know about?",order_delivery_issue
788420,AppleSupport,@AppleSupport iphone 6S iOS 11.0.2,technical_hardware_software_bug
1550208,Postmates_Help,@116057 @Postmates_Help Someone explain why i was charged an extra 9$.. the receipt price is completely different from what i was charged https://t.co/WWtzAZRray,billing_payment_dispute
791092,SouthwestAir,@308637 I ❤️ toto. And you 😘 @SouthwestAir lost my luggage.... 😭 love you,flight_travel_disruption
1551629,AppleSupport,@AppleSupport this is what my lock screen has looked like for a couple of days. What do I do? I’ve restarted everything.,technical_hardware_software_bug
786813,AmazonHelp,"@115850 I have ordered iphone 6 .It said the delivery date is by 17th Oct,bt nw it show delayed.why? Pls help.",order_delivery_issue
1545893,UPSHelp,@115817 Delivery success!!! Time to drive!,order_delivery_issue
788733,AmericanAir,@AmericanAir My bag could have fit under the seat and there was overhead space left. But I was still charged 50 bucks and made to check it.,billing_payment_dispute
1544247,TMobileHelp,"@TMobileHelp It isn’t your fault, it’s @115817’s fault. Hope you guys get a refund on what you paid for next day shipping b/c UPS def didn’t honor that",subscription_cancellation_refund
2265871,Tesco,Astonishing poor customer service from @Tesco delivery this evening. Meant to arrive between 8-9. Still waiting. Driver cannot be contacted according to offices!,order_delivery_issue
2264275,AmericanAir,@AmericanAir your JFK cleaning crew stole my wallet from flight AA2010 today. Where's the integrity? I want my wallet back.,flight_travel_disruption
2984395,Ask_Spectrum,@Ask_Spectrum outage in upper Manhattan?,service_outage_connectivity
10895,VerizonSupport,"@VerizonSupport Ok so I won't be charged $30 for the entire month of October and then another $30 for November? It'll be prorated for October, right?",billing_payment_dispute
281,AdobeCare,"Please tell me why my @115769 has expired, but I’m still being charged????",billing_payment_dispute
7011,SpotifyCares,@117153 y'all charged my account 8 times ..... uhhh,billing_payment_dispute
2981755,Ask_Spectrum,@Ask_Spectrum is there an outage in nyc right now? Got kicked off out of nowhere and restarting modem didn’t help,service_outage_connectivity
1550108,nationalrailenq,@nationalrailenq @93538 @SW_Help Ok that's great thank you I shall message them! (Y) (Y),feedback_praise_resolution
2982324,AirAsiaSupport,@AirAsiaSupport I could not loggin to my account even though reset password. please help. thank you.,account_access_security
2980840,AppleSupport,"@115858 I'm switching because, among other things, my phone keeps nagging me about running out of space, but it also fills up 543.3MB with a software update without asking my permission. My first computer was a mac plus, and you're about to lose me for good.",technical_hardware_software_bug
1546730,AppleSupport,"@AppleSupport The phone is glitchy when using apps such as Instagram, Twitter and Strava. It freezes and won’t do anything all resulting in me having to wait over 30’s for it to unfreeze. It’s being doing this after every update since iOS 11.",technical_hardware_software_bug
2984472,AskLyft,"@115879 After TWO drivers flake on me, I'm getting charged a penalty. And after an hour of trying to get a 15 min ride home, I'm using public transport. About to reload Uber app for first time since May. Horrific customer service",billing_payment_dispute
1551189,UPSHelp,@UPSHelp I just changed my UPS iPhone delivery to be delivered to UPS access point. Do I need to wait until Monday for it to be delivered?,order_delivery_issue
788778,SouthwestAir,"Brand new ✈️ I see you @southwestair this is nice. Boarding music, ambient lighting, USB ports in the arm rests 😎",flight_travel_disruption
2264543,UPSHelp,@UPSHelp you guys need to have your people on check!! How is an iPhone package gonna go missing?!,order_delivery_issue
2269658,Uber_Support,"@115873 I was quoted £40 but got charged £138.94!!
#uber #southend",billing_payment_dispute
9419,TMobileHelp,@TMobileHelp Hi there.. I sent some DMs and need some serious help with my bill and autopay issues. Thank you.,feedback_praise_resolution
2266577,Uber_Support,"@Uber_Support Fault in yr app.
2 different fares for same source and Destination.
The Difference is change in destination name : Dhaula Kuan ; Dhaula Kuan Metro Station.
Fare is almost double. https://t.co/ZnwZPTo2x3",billing_payment_dispute
2981347,ChipotleTweets,@ChipotleTweets wtf I thought it was 3 dollar bowls burritos or tacos If I was in costume I just got charged 10 bucks,billing_payment_dispute
788715,Uber_Support,I will be charged if I cancel my trip! @115873 are you serious? 22 mins to wait coz your driver is still completing a trip https://t.co/XkZrokiHGL,billing_payment_dispute
2269904,AppleSupport,"@115858 Any change of fixing the iPad Pro stops recharging when Smart Connector is connected bug, which is still there at iOS 11.1.1 ?",technical_hardware_software_bug
2269177,AmazonHelp,@AmazonHelp I am not here for recv Ur apology . Pls refund my money and also process my Amazon pay balance in my account. Not intrstd in any business with u,subscription_cancellation_refund
2983570,AppleSupport,@AppleSupport fix the fucking battery drain. What year is this? 2005?,technical_hardware_software_bug
785709,VirginTrains,@VirginTrains But lime street is the one that is closed?? Are you saying lime street is open today?,product_inquiry_availability
1549793,MicrosoftHelps,@MicrosoftHelps Why would this 1709 update for AMD systems try and automatically install when I have an Intel CPU?? https://t.co/gdv8F15wBa,technical_hardware_software_bug
1748,AmazonHelp,@AmazonHelp that is not my apartment!!!!!!! This is the sending time!!!! Where is my package!!!!!!!!!! https://t.co/EIY6DZUCDC,order_delivery_issue
2268473,idea_cares,@idea_cares Useless customer care executive. Is it call center or market? .5p charged for Useless service,complaint_poor_service
1549153,Ask_Spectrum,@Ask_Spectrum Thanks for the help......Robo.,feedback_praise_resolution
1549646,TMobileHelp,Now I’m on hold for 20 minutes waiting for SOMEONE at @115911 to activate my phone.,account_access_security
2986681,ChaseSupport,chase CLOSED MY ACCOUNT because i haven't used it in four months THANK YOU im in a foreign country and cannot do anything about it. great.,feedback_praise_resolution
2264268,AmericanAir,I am LIVID. this is the SECOND time in a row that my flight with @AmericanAir has been delayed by TWO hours. what the fuck 😡,flight_travel_disruption
1545808,AppleSupport,@AppleSupport why does this happen every single time I try to update my phone or iPad on my laptop?? & it won’t restore on said laptop. Grr. https://t.co/IuZIl2Mm77,technical_hardware_software_bug
1548794,AppleSupport,@AppleSupport Can I DM you guys something? Having an Apple ID issue,account_access_security
2983312,AlaskaAir,@AlaskaAir Thank you for the quick & thoroughly appropriate reply!,feedback_praise_resolution
2264195,AmericanAir,@AmericanAir why am I able to get one flight and my bag was fine but the connecting flight it's too big and I have to check it!,flight_travel_disruption
2985111,Uber_Support,@Uber_Support I should not ve charged of a cancellation fee. I waited for more than 20 mins and the driver canceled.,billing_payment_dispute
1551793,AppleSupport,Dear @115858 @AppleSupport - PLEASE fix this glitch with the letter “I” (i) ASAP! Enough already ❗️❓,technical_hardware_software_bug
2264779,SpotifyCares,Today I tried to cancel my @115888 Premium and I didn't even last 2 hours before I re-joined...,subscription_cancellation_refund
789587,GreggsOfficial,@GreggsOfficial I've been charged £2.10 both times but I have the reusable cup so should it not be £1.90 ??,billing_payment_dispute
2270460,AirAsiaSupport,"Dear @115802, cos you wasted time handing out umbrellas we've now missed our flight and have a 7 hour wait til the next one. Thanks hun! 👍🏻",flight_travel_disruption
2269797,Uber_Support,"@Uber_Support Though message for promo code DELNOV8 has been recd yesterday on my mob, but when applied it displays that coupon code is not valid. Please clarify so that I book cab applying the code. Urgent.

Suresh Kumar",billing_payment_dispute
2264148,AmericanAir,@AmericanAir I booked directly through you! I then had to pay for my luggage because the new first leg was on Hawaiian.,flight_travel_disruption
2266009,Ask_Spectrum,"@115955 giving me throwback to the dialup days, pick a song and hope you still want to watch that video in 10 min! #MrBrightside #bufffering #56kbs #FridayFails #outage https://t.co/uMEIgWZ0fG",service_outage_connectivity
1549281,AskPlayStation,"@AskPlayStation my account was hacked and I cannot access, what do I do now?",account_access_security
2982342,AirAsiaSupport,"@AirAsiaSupport Okay great, thank you for the update.",feedback_praise_resolution
2985165,Ask_Spectrum,@115955 @1027 My internet went out tonight... what’s with the outage??,service_outage_connectivity
2987727,Ask_Spectrum,"@Ask_Spectrum My internet is dead in Carmel, IN. Is there an outage?",service_outage_connectivity
1894,British_Airways,@British_Airways call centre has the worst customer serivce ever. keep you on hold for endless hours without an apology. Mum is not happy!,complaint_poor_service
2266242,Tesco,@Tesco just bought two tubs of celebrations and one quality street and heroes for my girlfriend's grandmother as advertised for 2 for £7 asked the store colleague and he fetched them but was charged £5.29 each opposed to the £7 for 2 tubs.,billing_payment_dispute
786491,askpanera,@116253 y’all charged my card twice for the same rapid order. What should I do?,billing_payment_dispute
2269133,AmazonHelp,"@117795 How come your website quoted me a ""Guaranteed"" delivery date of today - and then dispatched it for Monday - 2 days later. I've been told there's a website glitch but the only warning I got was when the item was dispatched!",order_delivery_issue
2264326,AmericanAir,@AmericanAir Sorry doesn’t help. A refund of the redic “change fees” i was charged a few weeks ago would be a good start. When my company messes up it cost us money!,billing_payment_dispute
2987466,O2,"@O2 why does my Samsung 7 sometimes change my message to multimedia message, which I then get charged extra for?",billing_payment_dispute
9842,AppleSupport,@AppleSupport I said the battery is dying too fast. Is that because of the new iOS 11.0.3? I’m pretty worried about it 😕 I can’t trust my phone anymore,technical_hardware_software_bug
1550779,AmazonHelp,@115821 if an order is supposed to arrive sat the 4th and still hasn't shipped is it still going to show up on time?,order_delivery_issue
2984630,AmazonHelp,@AmazonHelp WHAT PART OF ‘MY ACCOUNT IS ON HOLD. I CANT SIGN IN’ DO YOU NOT UNDERSTAND?,account_access_security
1546490,TMobileHelp,@TMobileHelp how do I activate my new iPhone x? Got it set up just can’t make calls,account_access_security
2982315,AirAsiaSupport,"@AirAsiaSupport lalu apabila pesanan tiket pengganti sudah dibuat, ternyata di cancel lagi, apakah bisa mendapatkan tiket pengganti tanpa tambahan biaya lainnya?",flight_travel_disruption
792114,AmazonHelp,"@AmazonHelp Hi there, I ordered something and I’ve been charged for it twice. Can I claim for a refund please?",billing_payment_dispute
2263285,AdobeCare,@AdobeCare @248215 Thank you.,feedback_praise_resolution
1547535,UPSHelp,"@124022 @175600 @156471 @115817 First you go to the @115817 site, it helps to be a #choice member. Put your phone number in the tracking section and you should get your date.",order_delivery_issue
10729,British_Airways,@British_Airways firstly Cabin Service Manager Lesley Thomson is fantastic and went above and beyond during a flight from Vegas to Heathrow,flight_travel_disruption
2269294,AmazonHelp,@AmazonHelp Will do thank you,feedback_praise_resolution
5029,SpotifyCares,@115888 the new iOS is making your app way less usable. Would fancy walking around with a boom box after this update.,technical_hardware_software_bug
2985678,Ask_Spectrum,@Ask_Spectrum what's going on in the Pinellas county area..... no internet no cable #help,service_outage_connectivity
785409,DropboxSupport,"@DropboxSupport @DropboxSupport Just want to make sure I am not billed moving forward, I cannot login to your change password link. Can you send that to me?",account_access_security
2266397,ATVIAssist,@ATVIAssist Thank you. The last update fixed it all good now,feedback_praise_resolution
791230,Safaricom_Care,@Safaricom_Care What do i have to do to get my fiber installed? I paid yesterday and my contact is not picking my calls. Can i get a refund!,subscription_cancellation_refund
2264214,AmericanAir,@327081 @AmericanAir @Delta Thats the reason why I do prefer ATL and flight Delta all the time.,flight_travel_disruption
3181,sprintcare,I want to go see to @115725 and leave @115714 they are liars,complaint_poor_service
11126,AppleSupport,"@115858, your new iOS 11.1 not resolve the calendar problem. 😡#iOS11 #iosfail",technical_hardware_software_bug
2982133,hulu_support,"@hulu_support @115940 So, in other words you are ok if I go and cancel my Hulu subscription right now? WOW! That is some weird customer support. Just release it for older models. What a dumb idea just doing it for 2017 unless you have a deal with Samsung to help them sell TVs https://t.co/pp8DD5Tk6O",subscription_cancellation_refund
5471,ChipotleTweets,"@ChipotleTweets agreed - thank you for another amazing dinner, Chipotle",feedback_praise_resolution
1544022,AmazonHelp,"@AmazonHelp See, now that I got the missing delivery, you guys don’t care until the next time...never changes",order_delivery_issue
784434,GWRHelp,"@GWRHelp I was waiting for the 8-48 from Reading to Maidenhead , but it became so delayed that I’d miss the connection to Slough anyway so 9-05",flight_travel_disruption
2984381,Ask_Spectrum,@Ask_Spectrum Having a hard time with your customer service. I was affected by major outage and no (cont) https://t.co/X8BajmlIYB,service_outage_connectivity
1551345,AppleSupport,Ok iphone update what’s up with this Question Mark shit #Apple @115858,technical_hardware_software_bug
1551184,UPSHelp,@UPSHelp It’s an important package and I️ need it today.,order_delivery_issue
8476,VirginTrains,@VirginTrains Thanks for ignoring my reply,feedback_praise_resolution
9411,comcastcares,@comcastcares How’s that research going? My internet still going down regularly. https://t.co/VqX0XwaFdq,service_outage_connectivity
2263787,AskPapaJohns,@116076 I have a promo code for a free 1-topping pizza from my last order but recently found out I need to eat Gluten Free. Promo code won't allow it. Can you help?!,billing_payment_dispute
2982064,Ask_Spectrum,@Ask_Spectrum outage in 90404?,service_outage_connectivity
1922,AmericanAir,Trying to book a flight on @AmericanAir and an error comes up: System having trouble. Anyone else having problem?,flight_travel_disruption
2266637,Uber_Support,@Uber_Support you charged me a fee for putting me at a different pick up spot? Why? Can someone fix this please?,billing_payment_dispute
2264801,SpotifyCares,"@SpotifyCares Help, family plan invite not working for Son. I click the link in the invite Son’s name is pre-populated, what password does he use please?",account_access_security
2263930,Delta,@Delta How early does the Delta counter open at DIA? We have an intl flight to Cancun with a layover in Atlanta. Our flight departs at 6:10 am,flight_travel_disruption
785527,Uber_Support,@115873 unjust cancellation fee not reverted yet. The driver kept going in rounds - surely his gps stands as proof. https://t.co/xgikBMKEDe,billing_payment_dispute
2263176,AskPlayStation,@AskPlayStation Joystick needs an update how do I get it done??,technical_hardware_software_bug
2987045,Ask_Spectrum,@Ask_Spectrum is there an internet outage in 10040?!,service_outage_connectivity
11509,TwitterSupport,@TwitterSupport I’ve gotten locked out of my personal account and I want to get back into it I need help,account_access_security
1550083,SouthwestAir,"@SouthwestAir Thanks for the quick response!! Christmas is coming 😃🎅🏻(don’t worry, any gifts will be unwrapped)",feedback_praise_resolution
2268208,AmericanAir,@AmericanAir does ur complains procedure include ignoring complaints in the hope they go away? Made 27th Oct. Heard nothing. @British_Airways tells me its for you to refund excess baggage charged on the bag you didn't even put on the plane. #DoTheRightThing @30782,billing_payment_dispute
2985551,Uber_Support,@Uber_Support I understand how ‘dynamic pricing’ works. Usually we have the choice. Two minutes notice is not choice.,billing_payment_dispute
2980511,UPSHelp,"@UPSHelp @529410 I’d like to hear the answer to this too, we’ve already called about this and no resolution. How will sending over a tracking # help at this point?",order_delivery_issue
789252,AmazonHelp,"@115830 1/2 It’s one thing to have to return a faulty item and wait for a refund, it’s quite another thing to have to wait for a refund when",subscription_cancellation_refund
4926,Uber_Support,"@115873 I've been using the service for more than a year and never had any issues, the last week I've been charged for ur drivers mistakes.",billing_payment_dispute
3729,AmazonHelp,@AmazonHelp i reset my password 3 times and it still says incorrect you gotta be shitting me,account_access_security
2265960,Ask_Spectrum,@Ask_Spectrum My Sagemcom router inet only pulling local address from Arris modem dhcp. Can’t get out.,service_outage_connectivity
1550310,AppleSupport,@AppleSupport is there anyway to do a clean install of iOS 11.1? My iPhone keeps randomly booting down after installing the update.,technical_hardware_software_bug
2266628,Uber_Support,I hate how @115873 lies. For the last 10 mins this car is saying it's 3mins away. That's the shit Uber does so they can charge you a $5 cancellation fee! Stop yuh shit!,billing_payment_dispute
9371,SpotifyCares,@SpotifyCares Yes the music works fine no problem. Just the lock screen functionality has completely disappeared,technical_hardware_software_bug
1507,CoxHelp,@CoxHelp Had to push hard but finally got a team lead to reach out to on-call tech. Outage issue solved; #CSIssue not #CSFail,service_outage_connectivity
2981064,AmazonHelp,"My kindle was supposed to come today. It didn’t. I checked the tracking and now it says “on the way” and “Now expected November 30 - December 2.” Why even have prime, @115821? This is my 2nd late package this week.",order_delivery_issue
2268077,GWRHelp,@GWRHelp thank you to Nigel at your lost property office for helping to retrieve 5 boxes of fudge I left on a train 🤩 https://t.co/4XGPnSFsxv,feedback_praise_resolution
784771,Delta,"@Delta Can I earn sky miles by booking thru hertz, on your website it won't let me pick the location that I want (only shows me the airport hertz)",flight_travel_disruption
2986166,UPSHelp,@115817 if you're going to give me a date for delivery at least be *kinda* near it and not immediately push it 4 days in the future,order_delivery_issue
1545974,AppleSupport,@478770 my new stupid iPhone is frozen-won't do a hard reset-none of my buttons work - try calling me. I'm at the airport #frustrated,technical_hardware_software_bug
2263906,Delta,@Delta Your app said my flight from San Diego to SLC was departing at 7:08 then it left 15 min early. Missed my flight. Thanks for updating your app so late.,flight_travel_disruption
5312,AmazonHelp,"@AmazonHelp Still not working. They sent me a link to reset the password, try and sign in with new password and still locked out.",account_access_security
791479,AmazonHelp,"@AmazonHelp No delivery has ever been attempted, it’s a joke, it’s in stock, I live 20 mins away from where your holding it https://t.co/jM86XKgEVG",product_inquiry_availability
6963,AmazonHelp,"@AmazonHelp Thank you. Spoke with customer service who was very nice & helpful & put me straight through to a Competent logistics person who documented issue, researched my acct & was going to contact delivery Svc directly to ensure procedures followed. Time will tell. Thank you.",order_delivery_issue
1544342,UPSHelp,@UPSHelp Thanks for the response! DM’d,feedback_praise_resolution
2987108,UPSHelp,"@UPSHelp Another day, no parcel, no explanation. I’ve sent you a DM. I’m actually fed up with this. Every time I use UPS there’s a problem.",order_delivery_issue
2986110,Ask_Spectrum,@Ask_Spectrum My internet says its offline for no reason?,service_outage_connectivity
2268006,O2,@O2 why isn’t the promo code working? https://t.co/AE2F0MAsze,billing_payment_dispute
2079,SouthwestAir,@SouthwestAir I loved how your employees embraced the day & made@travel fun! Glad you like the pic. It's my thank you to you all so enjoy!,feedback_praise_resolution
785702,VirginTrains,@VirginTrains Thanks. I was delayed en route from London to home yesterday. We had to disembark at Preston,flight_travel_disruption
1544647,TMobileHelp,I wonder if @156470 ever has to deal with mobile carriers horrible customer service . 🤔 https://t.co/7IiXOYCzAc,complaint_poor_service
2269811,Uber_Support,@Uber_Support I got charged for two uber rides tonight that I didn’t ride in. Help please,billing_payment_dispute
2264792,SpotifyCares,"Shoutout to @SpotifyCares, their help was awesome and fast. 🤙 great service guys!",feedback_praise_resolution
790308,AmericanAir,@AmericanAir it’s really disheartening when your flight is delayed for maintenance and the crew is joking that “Jay 2 hours” is fixing it..,flight_travel_disruption
2984348,CoxHelp,What the heck @116021! Getting a message I’ve never seen b4 in our tv about the device needing to be activated??AND my internet is saying it temporarily down? Getting frustrated with the constant issues lately; at least give us notice when you’re going to mess w/ our service!!,service_outage_connectivity
2263861,Delta,@Delta You guys rock! Thanks for a great flight,flight_travel_disruption
2265865,Tesco,@Tesco no show on my delivery and customer service is shocking absolutely awefull service shocked and disappointed #shouldhavegonetoocado,order_delivery_issue
2264840,SpotifyCares,@115888.... thank you for turning off my service during my chat help. It logged me out and now to get support I have to log back in.....? how do I log back in if I am locked out???,account_access_security
1812,Uber_Support,@115873 worst most unprofessional driver ever !! asked for extra fee when he showed up ! yelling at me cause uber don't pay for his 30k car??? https://t.co/i5qOULRSnc,billing_payment_dispute
3975,British_Airways,@British_Airways The staff in the counter issued the boarding pass for me and my wife but they didnt board us on the plane,flight_travel_disruption
2269508,Ask_Spectrum,Another @115955 outage...living up to your high standards again I see. @Ask_Spectrum #spectrumisworsethantimewarner #spectrumsucks,service_outage_connectivity
2987189,AppleSupport,@115858 My home button does not work. My phone battery lasts literally under 1 hour. Every update that you force makes my phone progressively worse. And you program your products to break intentionally to force me to buy another one. No more. Go to hell @115858,technical_hardware_software_bug
2264153,AmericanAir,@AmericanAir How can you change the hotel reservations of a bus full of people while were shuttled from one airport to another? After cancelling a flight because of broken bathrooms?,flight_travel_disruption
787076,Tesco,@Tesco Also - do you still do RainCheck Vouchers - for a product that is on promo but not in stock? Thanks,product_inquiry_availability
1543348,AppleSupport,@AppleSupport what's up with the glitch on the letter I️ ? It keeps coming up as an A with a question mark next to it.,technical_hardware_software_bug
2987435,AirAsiaSupport,@AirAsiaSupport hey I booked a flight from Bali to Kuala Lumpur for today through https://t.co/0u9q8tV5NY so I cannot access 'my booking' but need to cancel my flight for obvious reasons. Thanks!,flight_travel_disruption
2270014,AppleSupport,"Hey @AppleSupport, what’s the plan for addressing the battery issues in iOS 11.2? My 7 goes from 100% to dead in a few hours and is constantly hot. Did full factory reset and new install from backup. No improvement. MacBook Pro, 7, 5s, 4s, 3g owner. Not too pleased.",technical_hardware_software_bug
784743,AmazonHelp,@AmazonHelp Amazon transportation services noida is Fraud. Next time i order smthng if i see ds courier i wl straight away cancel my order.Sh**t ppls.,subscription_cancellation_refund
2982307,AirAsiaSupport,@AirAsiaSupport Thank you 😊,feedback_praise_resolution
786623,AmericanAir,"@AmericanAir Thank you, the magic of Twitter! ;) Fast and efficient. Much appreciated.",feedback_praise_resolution
792789,Delta,@Delta Please let her know she made this gate a great experience!!,flight_travel_disruption
1545574,AskPlayStation,"@AskPlayStation For some reason my account was logged out and it’s saying that the email is invalid, using correct password too.",account_access_security
1546212,AskPlayStation,"@AskPlayStation is there a way for you guys to manually rest my password. I tried to do the ""forogt password"" link but its not working",account_access_security
3215,Delta,@Delta Thanks. I’m on an international flight so I’ve got time. 🙂,flight_travel_disruption
2987143,AppleSupport,@AppleSupport @107178 my #iphone7plus black dead screen at times home button responsive but screen dead need to restart every time #ios11.1.2 #ios11 or manufacturing defect? #nz,technical_hardware_software_bug
2268421,marksandspencer,"@marksandspencer Do you sell a food to go Paddington Marmalade sandwich? Or Gammon and marmalade? If not, you have missed a trick!",product_inquiry_availability
791388,AskPapaJohns,"Papa John’s Pizza, now with 100% more pizza. #NationalPizzaMonth Promo code: GET2NOW https://t.co/674YOh2udI",billing_payment_dispute
2981088,Uber_Support,"@119720 why can your drivers wait 8 minutes to not pick me up, cancel the trip, and when I try to cancel the next automatically selected ride, I get charged? Is taking advantage of customers fun?",billing_payment_dispute
788866,AppleSupport,@AppleSupport Yes lt does. Stil there after reboot and hard reset,technical_hardware_software_bug
2266763,Uber_Support,yo @115873 .. what's with the hidden charges..I was overcharged.. there's no one to call and my dispute was ignored. I'm a flight attendant.. talk to many people.. just saying,billing_payment_dispute
2981661,AppleSupport,"@AppleSupport i have a problem on my iphone where when I start searching something in safari it crashes, could this be a virus or a glitch?",technical_hardware_software_bug
2264207,AmericanAir,I feel like #MIA baggage handling team is lost from @AmericanAir they always suck. #delayed #hour and counting #luggage,flight_travel_disruption
8711,British_Airways,"@British_Airways Hi, can you please provide me with an email address that I can contact about my flight booking and cancelation?",flight_travel_disruption
2985154,Ask_Spectrum,@Ask_Spectrum is there an outage in Washington heights? #Spectrum,service_outage_connectivity
792766,AppleSupport,@AppleSupport iPhone is heating like flame after 20 minute use and battery lasts only 1 hour after full charge.What a stupid iOS 11,technical_hardware_software_bug
2987001,Ask_Spectrum,"@Ask_Spectrum Thanks for the 3rd outage in the last 5 weeks. All around 12-2AM EST. I really appreciate this as it has now made it impossible for me to continue working on my final project due Friday morning. 10/23, 11/20, and again tonight. 174.109.X.X out of Raleigh. Not good!",service_outage_connectivity
790698,Delta,Experienced horrible customer service at @122122 but @Delta will always come through #medallionforlife,complaint_poor_service
2987159,CoxHelp,"@CoxHelp hello, is there any outage in tempe,az area, my internet got disconnected for like two hours now",service_outage_connectivity
156,ChipotleTweets,So frustrated with @ChipotleTweets 😡 Ordered dinner on Saturday using their app. Order was wrong AND they charged my credit card twice,billing_payment_dispute
2985020,AirAsiaSupport,"@115802 @AirAsiaSupport I've called, I've chatted, I've emailed (submitted 2 case numbers) over the course of 3wks and NOTHING. Worst customer service ever! How can I go about getting some assistance??",complaint_poor_service
6923,Delta,@Delta When a flight attendant states in front of the passengers that she is tired of the call bells going off- it's an issue with the service.,flight_travel_disruption
1550704,VirginTrains,"@VirginTrains This was Newark North Gate for a very long time, extremely delayed journey back to King's Cross",flight_travel_disruption
786923,VirginTrains,@121516 @VirginTrains That’s great. Thanks for you help guys! 😁,feedback_praise_resolution
2987337,ATT,@ATT It’s ok. Thank you. I don’t want anyone to get in trouble. I went to another store and they gave them to me. I appreciate it.,feedback_praise_resolution
1548920,SpotifyCares,@115888 you ok lil buddy? Lookin a little sad when I open you on the new iOS update. https://t.co/SXUAHGZ7qQ,technical_hardware_software_bug
8437,AppleSupport,@115858 suck! Upgrade phone & I lose my Apple ID. Can’t get new id without old & can’t book Genius bar help appointment without ID!!! #stupid,account_access_security
1548147,TfL,"@TfL because of traffic and delays, I have been kicked off a 5 as it changed destination at Barking station. I have now had to get the district line to Becontree as no buses are running the full route. How can I get a refund for the tube journey?",subscription_cancellation_refund
2986936,AskeBay,@115931 why am I charged #FinalValueFee for shipping??! Are you asking me to inflate my shipping to cover this or inflate the cost of my item?,billing_payment_dispute
1548708,AmazonHelp,@AmazonHelp where’s my package https://t.co/b2UbNEKubW,order_delivery_issue
2266463,ATVIAssist,"@ATVIAssist I did I just figured I would cover my bases, thank you for responding many companies don’t take the time to do that.",feedback_praise_resolution
7636,hulu_support,@hulu_support Got an email saying my password was changed Bt I did not change it asked to reset it still have not gotten the email to reset,account_access_security
2986114,Ask_Spectrum,"@Ask_Spectrum - how long will this internet #outage in #washingtonheights last? Some of us worked a long day, and are hoping to relax...",service_outage_connectivity
2985281,AskPayPal,@117473 my eBay account was hacked last week and as a result the bank have shut down my PayPal account. However on my PayPal it is showing I owe you £370. The eBay purchases were fraudulent so this shouldn't be on there,account_access_security
991,comcastcares,"@comcastcares Thanks for your reply but that's why I said Update your Software. If @115902 knows not to record on an unavailable channel, it's software.",feedback_praise_resolution
2267308,AppleSupport,@AppleSupport 3 days for a phone call back then you hang up on me what a joke of a over priced phone unit . update on iPhone 6 phone issues,technical_hardware_software_bug
9373,SpotifyCares,@SpotifyCares iOS 11.0.3 and the Spotify version is 8.4.25,technical_hardware_software_bug
2986617,Delta,"@Delta Thank you, I'd.",feedback_praise_resolution
1543336,AppleSupport,@AppleSupport And of course battery draining still high to buy the new crap with glass on both sides 👏🏻👏🏻👏🏻👏🏻,technical_hardware_software_bug
1543784,comcastcares,"@ComcastCares
#mobile_Care is there an outage in Olive Branch, MS?",service_outage_connectivity
1546754,Uber_Support,@Uber_Support hi so looks like my driver didn't stop our fare where I got off and I was charged literally double...,billing_payment_dispute
784820,VirginTrains,@VirginTrains Hello! Do you know how long the automatic refund usually takes for a delayed journey on an advance ticket (from last night)?,flight_travel_disruption
785391,Uber_Support,"Hey @115873 I wasnt charged for trip to Las Vegas Convention Ctr. Thanks but not victim or family. How can I pay my wonderful driver, Renee?",billing_payment_dispute
3055,comcastcares,"@116407 @116136 Idk how many times they have asked me that 😂 like listen here fuckers, I own a high quality router with a low quality internet provider",service_outage_connectivity
1543807,XboxSupport,Been waiting about 4 hours now for cod ww2 to update. @115786 @XboxSupport pls help,technical_hardware_software_bug
1545358,sprintcare,@sprintcare No I ordered it on purpose but I need it to arrive at my house by next week please and thank you @sprintcare,feedback_praise_resolution
2263541,hulu_support,@hulu_support That is a password reset link.,account_access_security
11159,Uber_Support,"What's the point of @115873's split fare feature if it never works, ever? @Uber_Support",billing_payment_dispute
2983326,AlaskaAir,@AlaskaAir Thank you for reply. We will all--women nationwide--be watching for an appropriately serious followup.,feedback_praise_resolution
2985158,Ask_Spectrum,Internet down again @Ask_Spectrum,service_outage_connectivity
